population,ind,Population,FV3,TTD_Hr,SVL_mm,TTD_Mass_g,Stage,Nucleic.Acid_ng_uL,SQ1,SQ2,NH4_ugL,SRP_ugL,Avg.Mass.Extra.Individuals..g.,Notes,NH4_umol_L,NH4_umol,SRP_umol_L,SRP_umol,meanSQ,viralload,meanCQ,death,HazardRatio,nutrient,value,scalenutrient
MIN,16,MIN,Y,134,11.3,0.322,35,251.3,415173840,1276039163,213.896,27.657,0.2698,,15.26738044,1.221390435,0.893025509,0.071442041,845606501.5,672985675.7,13.18,1,464.5422512,NH4,2.263510814,-0.196482369
MIN,16,MIN,Y,134,11.3,0.322,35,251.3,415173840,1276039163,213.896,27.657,0.2698,,15.26738044,1.221390435,0.893025509,0.071442041,845606501.5,672985675.7,13.18,1,464.5422512,NP,17.09624226,-0.238913313
MIN,16,MIN,Y,134,11.3,0.322,35,251.3,415173840,1276039163,213.896,27.657,0.2698,,15.26738044,1.221390435,0.893025509,0.071442041,845606501.5,672985675.7,13.18,1,464.5422512,SRP,0.132398148,-0.153513233
MIN,32,MIN,Y,128,11.03,0.2874,34,78.03,193618878,197337463,198.425,34.714,0.2698,,14.16309779,1.133047823,1.120891185,0.089671295,195478170.5,501033373.1,14.745,1,464.5422512,NH4,2.099792111,-0.237757753
MIN,32,MIN,Y,128,11.03,0.2874,34,78.03,193618878,197337463,198.425,34.714,0.2698,,14.16309779,1.133047823,1.120891185,0.089671295,195478170.5,501033373.1,14.745,1,464.5422512,NP,12.63556889,-0.300914304
MIN,32,MIN,Y,128,11.03,0.2874,34,78.03,193618878,197337463,198.425,34.714,0.2698,,14.16309779,1.133047823,1.120891185,0.089671295,195478170.5,501033373.1,14.745,1,464.5422512,SRP,0.16618105,-0.004422731
MIN,3,MIN,Y,144,10.72,0.2652,35,198.42,1367281077,581485307,206.641,30.715,0.2698,,14.74953605,1.179962884,0.991766225,0.079341298,974383192,982142114.7,12.81,1,464.5422512,NH4,2.186736256,-0.215838125
MIN,3,MIN,Y,144,10.72,0.2652,35,198.42,1367281077,581485307,206.641,30.715,0.2698,,14.74953605,1.179962884,0.991766225,0.079341298,974383192,982142114.7,12.81,1,464.5422512,NP,14.87198865,-0.269829257
MIN,3,MIN,Y,144,10.72,0.2652,35,198.42,1367281077,581485307,206.641,30.715,0.2698,,14.74953605,1.179962884,0.991766225,0.079341298,974383192,982142114.7,12.81,1,464.5422512,SRP,0.147037246,-0.088908053
MIN,107,MIN,Y,144,9.8,0.2064,34,9.94,24724951,31266160,118.2185,21.6005,0.2698,,8.43815132,0.675052106,0.697465289,0.055797223,27995555.5,563290855.1,17.31,1,464.5422512,NH4,1.251023176,-0.451742244
MIN,107,MIN,Y,144,9.8,0.2064,34,9.94,24724951,31266160,118.2185,21.6005,0.2698,,8.43815132,0.675052106,0.697465289,0.055797223,27995555.5,563290855.1,17.31,1,464.5422512,NP,12.09831006,-0.308381916
MIN,107,MIN,Y,144,9.8,0.2064,34,9.94,24724951,31266160,118.2185,21.6005,0.2698,,8.43815132,0.675052106,0.697465289,0.055797223,27995555.5,563290855.1,17.31,1,464.5422512,SRP,0.103404787,-0.281466559
MIN,154,MIN,Y,138,10.03,0.1874,31,33.94,3182788,2681922,131.794,22.152,0.2698,,9.407137759,0.752571021,0.715272845,0.057221828,2932355,17279640.54,21.21,1,464.5422512,NH4,1.394683137,-0.415523902
MIN,154,MIN,Y,138,10.03,0.1874,31,33.94,3182788,2681922,131.794,22.152,0.2698,,9.407137759,0.752571021,0.715272845,0.057221828,2932355,17279640.54,21.21,1,464.5422512,NP,13.15181728,-0.293738725
MIN,154,MIN,Y,138,10.03,0.1874,31,33.94,3182788,2681922,131.794,22.152,0.2698,,9.407137759,0.752571021,0.715272845,0.057221828,2932355,17279640.54,21.21,1,464.5422512,SRP,0.106044899,-0.269815233
MIN,58,MIN,Y,146,10.9,0.2857,36,174.2,97806572,87449265,193.775,28.153,0.2698,,13.83119201,1.10649536,0.909041007,0.072723281,92627918.5,106346634.3,16.055,1,464.5422512,NH4,2.050584434,-0.250163579
MIN,58,MIN,Y,146,10.9,0.2857,36,174.2,97806572,87449265,193.775,28.153,0.2698,,13.83119201,1.10649536,0.909041007,0.072723281,92627918.5,106346634.3,16.055,1,464.5422512,NP,15.21514639,-0.265059547
MIN,58,MIN,Y,146,10.9,0.2857,36,174.2,97806572,87449265,193.775,28.153,0.2698,,13.83119201,1.10649536,0.909041007,0.072723281,92627918.5,106346634.3,16.055,1,464.5422512,SRP,0.134772573,-0.143034433
MIN,66,MIN,Y,140,10.28,0.2608,33,83.72,30616861,33303331,217.269,24.564,0.2698,,15.50813704,1.240650964,0.793154666,0.063452373,31960096,76349966.56,17.54,1,464.5422512,NH4,2.299204899,-0.187483476
MIN,66,MIN,Y,140,10.28,0.2608,33,83.72,30616861,33303331,217.269,24.564,0.2698,,15.50813704,1.240650964,0.793154666,0.063452373,31960096,76349966.56,17.54,1,464.5422512,NP,19.55247534,-0.204772978
MIN,66,MIN,Y,140,10.28,0.2608,33,83.72,30616861,33303331,217.269,24.564,0.2698,,15.50813704,1.240650964,0.793154666,0.063452373,31960096,76349966.56,17.54,1,464.5422512,SRP,0.1175915,-0.218857844
MIN,217,MIN,Y,128,9.52,0.2169,33,39.08,290660281,257729534,52.836,16.69,0.2698,,3.77130621,0.301704497,0.538908621,0.04311269,274194907.5,1403249271,13.805,1,464.5422512,NH4,0.559126199,-0.626177495
MIN,217,MIN,Y,128,9.52,0.2169,33,39.08,290660281,257729534,52.836,16.69,0.2698,,3.77130621,0.301704497,0.538908621,0.04311269,274194907.5,1403249271,13.805,1,464.5422512,NP,6.998043938,-0.379272906
MIN,217,MIN,Y,128,9.52,0.2169,33,39.08,290660281,257729534,52.836,16.69,0.2698,,3.77130621,0.301704497,0.538908621,0.04311269,274194907.5,1403249271,13.805,1,464.5422512,SRP,0.079897498,-0.385208788
MIN,227,Control,N,289,14.74,0.4384,39,282.9,606.09158,305.65414,207.341,8.248,0.330066667,,14.79950036,1.183960029,0.266322247,0.02130578,455.87286,322.2855143,33.645,0,464.5422512,NH4,1.793516503,-0.39458729
MIN,227,Control,N,289,14.74,0.4384,39,282.9,606.09158,305.65414,207.341,8.248,0.330066667,,14.79950036,1.183960029,0.266322247,0.02130578,455.87286,322.2855143,33.645,0,464.5422512,NP,55.56989889,4.743163691
MIN,227,Control,N,289,14.74,0.4384,39,282.9,606.09158,305.65414,207.341,8.248,0.330066667,,14.79950036,1.183960029,0.266322247,0.02130578,455.87286,322.2855143,33.645,0,464.5422512,SRP,0.032274964,-1.761865807
MIN,249,Control,N,289,14.26,0.3551,39,213.4,880.4834,NA,213.224,23.33,0.330066667,,15.2194147,1.217553176,0.753309655,0.060264772,880.4834,825.195314,32.525,0,464.5422512,NH4,1.844404931,-0.303992779
MIN,249,Control,N,289,14.26,0.3551,39,213.4,880.4834,NA,213.224,23.33,0.330066667,,15.2194147,1.217553176,0.753309655,0.060264772,880.4834,825.195314,32.525,0,464.5422512,NP,20.20339792,0.615772872
MIN,249,Control,N,289,14.26,0.3551,39,213.4,880.4834,NA,213.224,23.33,0.330066667,,15.2194147,1.217553176,0.753309655,0.060264772,880.4834,825.195314,32.525,0,464.5422512,SRP,0.091291818,-0.935485811
MIN,256,Control,N,289,15.53,0.4881,40,284.3,448.81724,504.13344,182.226,40.47,0.330066667,,13.00685225,1.04054818,1.306748466,0.104539877,476.47534,335.1919381,33.49,0,464.5422512,NH4,1.576269711,-0.781342539
MIN,256,Control,N,289,15.53,0.4881,40,284.3,448.81724,504.13344,182.226,40.47,0.330066667,,13.00685225,1.04054818,1.306748466,0.104539877,476.47534,335.1919381,33.49,0,464.5422512,NP,9.953600547,-0.580413304
MIN,256,Control,N,289,15.53,0.4881,40,284.3,448.81724,504.13344,182.226,40.47,0.330066667,,13.00685225,1.04054818,1.306748466,0.104539877,476.47534,335.1919381,33.49,0,464.5422512,SRP,0.158361761,0.003657083
MIN,270,Control,N,289,14.2,0.3154,37,217.9,258.55099,2014.7542,165.575,27.099,0.330066667,,11.81834404,0.945467523,0.875008072,0.070000646,1136.652595,1043.279114,35.215,0,464.5422512,NH4,1.432237208,-1.037757497
MIN,270,Control,N,289,14.2,0.3154,37,217.9,258.55099,2014.7542,165.575,27.099,0.330066667,,11.81834404,0.945467523,0.875008072,0.070000646,1136.652595,1043.279114,35.215,0,464.5422512,NP,13.5065543,-0.16577153
MIN,270,Control,N,289,14.2,0.3154,37,217.9,258.55099,2014.7542,165.575,27.099,0.330066667,,11.81834404,0.945467523,0.875008072,0.070000646,1136.652595,1043.279114,35.215,0,464.5422512,SRP,0.106040162,-0.728973001
MIN,114,Control,N,289,14.4,0.3995,39,375.3,2147.30509,2014.7542,219.862,24.628,0.330066667,,15.69321913,1.25545753,0.795221182,0.063617695,2081.029645,1108.995281,31.22,0,464.5422512,NH4,1.90182417,-0.201771742
MIN,114,Control,N,289,14.4,0.3995,39,375.3,2147.30509,2014.7542,219.862,24.628,0.330066667,,15.69321913,1.25545753,0.795221182,0.063617695,2081.029645,1108.995281,31.22,0,464.5422512,NP,19.73440785,0.561040137
MIN,114,Control,N,289,14.4,0.3995,39,375.3,2147.30509,2014.7542,219.862,24.628,0.330066667,,15.69321913,1.25545753,0.795221182,0.063617695,2081.029645,1108.995281,31.22,0,464.5422512,SRP,0.096370977,-0.864365188
MIN,158,MIN,Y,144,11.31,0.2622,33,83.24,32468536,32863478,202.919,28.426,0.2698,,14.48386867,1.158709493,0.91785599,0.073428479,32666007,78486321.48,17.545,1,464.5422512,NH4,2.14734895,-0.225768122
MIN,158,MIN,Y,144,11.31,0.2622,33,83.24,32468536,32863478,202.919,28.426,0.2698,,14.48386867,1.158709493,0.91785599,0.073428479,32666007,78486321.48,17.545,1,464.5422512,NP,15.7801102,-0.25720685
MIN,158,MIN,Y,144,11.31,0.2622,33,83.24,32468536,32863478,202.919,28.426,0.2698,,14.48386867,1.158709493,0.91785599,0.073428479,32666007,78486321.48,17.545,1,464.5422512,SRP,0.136079465,-0.137266868
MIN,205,MIN,Y,152,11.97,0.3317,31,33.66,1102871,1104806,246.206,28.99,0.2698,,17.57359029,1.405887223,0.936067162,0.074885373,1103838.5,6558755.199,NA,1,464.5422512,NH4,2.605424802,-0.110281887
MIN,205,MIN,Y,152,11.97,0.3317,31,33.66,1102871,1104806,246.206,28.99,0.2698,,17.57359029,1.405887223,0.936067162,0.074885373,1103838.5,6558755.199,NA,1,464.5422512,NP,18.7738562,-0.215595371
MIN,205,MIN,Y,152,11.97,0.3317,31,33.66,1102871,1104806,246.206,28.99,0.2698,,17.57359029,1.405887223,0.936067162,0.074885373,1103838.5,6558755.199,NA,1,464.5422512,SRP,0.138779416,-0.125351459
RR,197,RR,Y,174,NA,NA,NA,NA,NA,NA,215.367,52.735,0.2931,Missing Sample,15.37237687,1.22979015,1.702776881,0.13622215,NA,NA,NA,1,282.5537312,NH4,2.097901996,-0.238234272
RR,197,RR,Y,174,NA,NA,NA,NA,NA,NA,215.367,52.735,0.2931,Missing Sample,15.37237687,1.22979015,1.702776881,0.13622215,NA,NA,NA,1,282.5537312,NP,9.027828042,-0.351059985
RR,197,RR,Y,174,NA,NA,NA,NA,NA,NA,215.367,52.735,0.2931,Missing Sample,15.37237687,1.22979015,1.702776881,0.13622215,NA,NA,NA,1,282.5537312,SRP,0.232381696,0.287733563
RR,183,RR,Y,144,9.59,0.1723,33,41.23,30977546,32730134,113.019,20.532,0.2931,,8.067023555,0.645361884,0.662964159,0.053037133,31853840,154517778.3,17.325,1,282.5537312,NH4,1.100924402,-0.489583885
RR,183,RR,Y,144,9.59,0.1723,33,41.23,30977546,32730134,113.019,20.532,0.2931,,8.067023555,0.645361884,0.662964159,0.053037133,31853840,154517778.3,17.325,1,282.5537312,NP,12.16811414,-0.307411676
RR,183,RR,Y,144,9.59,0.1723,33,41.23,30977546,32730134,113.019,20.532,0.2931,,8.067023555,0.645361884,0.662964159,0.053037133,31853840,154517778.3,17.325,1,282.5537312,SRP,0.090476173,-0.338523041
RR,266,RR,Y,128,9.88,0.179,31,30.35,14201383,13666941,55.706,22.485,0.2931,,3.976159886,0.318092791,0.726025186,0.058082015,13934162,91823143.33,18.37,1,282.5537312,NH4,0.542635262,-0.630335052
RR,266,RR,Y,128,9.88,0.179,31,30.35,14201383,13666941,55.706,22.485,0.2931,,3.976159886,0.318092791,0.726025186,0.058082015,13934162,91823143.33,18.37,1,282.5537312,NP,5.476614261,-0.40041997
RR,266,RR,Y,128,9.88,0.179,31,30.35,14201383,13666941,55.706,22.485,0.2931,,3.976159886,0.318092791,0.726025186,0.058082015,13934162,91823143.33,18.37,1,282.5537312,SRP,0.09908225,-0.300542755
RR,221,RR,Y,138,10.75,0.2524,33,136.3,1177571748,705143282,209.026,57.828,0.2931,,14.91977159,1.193581727,1.867226348,0.149378108,941357515,1381302296,12.465,1,282.5537312,NH4,2.03613396,-0.253806711
RR,221,RR,Y,138,10.75,0.2524,33,136.3,1177571748,705143282,209.026,57.828,0.2931,,14.91977159,1.193581727,1.867226348,0.149378108,941357515,1381302296,12.465,1,282.5537312,NP,7.990339043,-0.365480531
RR,221,RR,Y,138,10.75,0.2524,33,136.3,1177571748,705143282,209.026,57.828,0.2931,,14.91977159,1.193581727,1.867226348,0.149378108,941357515,1381302296,12.465,1,282.5537312,SRP,0.254824476,0.386777903
RR,234,RR,Y,152,10.47,0.2215,35,106.75,282788670,228379127,75.855,8.069,0.2931,,5.414346895,0.433147752,0.26054246,0.020843397,255583898.5,478845711.5,13.98,1,282.5537312,NH4,0.738907799,-0.580852469
RR,234,RR,Y,152,10.47,0.2215,35,106.75,282788670,228379127,75.855,8.069,0.2931,,5.414346895,0.433147752,0.26054246,0.020843397,255583898.5,478845711.5,13.98,1,282.5537312,NP,20.78105383,-0.18769639
RR,234,RR,Y,152,10.47,0.2215,35,106.75,282788670,228379127,75.855,8.069,0.2931,,5.414346895,0.433147752,0.26054246,0.020843397,255583898.5,478845711.5,13.98,1,282.5537312,SRP,0.035556801,-0.580892884
RR,262,RR,Y,140,9.86,0.1791,32,8.88,935822,1217872,150.78,36.113,0.2931,,10.76231263,0.860985011,1.166063933,0.093285115,1076847,24253310.81,22.31,1,282.5537312,NH4,1.468756415,-0.396849169
RR,262,RR,Y,140,9.86,0.1791,32,8.88,935822,1217872,150.78,36.113,0.2931,,10.76231263,0.860985011,1.166063933,0.093285115,1076847,24253310.81,22.31,1,282.5537312,NP,9.229607683,-0.348255355
RR,262,RR,Y,140,9.86,0.1791,32,8.88,935822,1217872,150.78,36.113,0.2931,,10.76231263,0.860985011,1.166063933,0.093285115,1076847,24253310.81,22.31,1,282.5537312,SRP,0.159135303,-0.035516981
RR,29,RR,Y,158,10.4,0.1715,33,8.02,5288326,6011890,176.145,53.993,0.2931,,12.57280514,1.005824411,1.743396836,0.139471747,5650108,140900448.9,19.755,1,282.5537312,NH4,1.715838299,-0.334556961
RR,29,RR,Y,158,10.4,0.1715,33,8.02,5288326,6011890,176.145,53.993,0.2931,,12.57280514,1.005824411,1.743396836,0.139471747,5650108,140900448.9,19.755,1,282.5537312,NP,7.211671423,-0.376303597
RR,29,RR,Y,158,10.4,0.1715,33,8.02,5288326,6011890,176.145,53.993,0.2931,,12.57280514,1.005824411,1.743396836,0.139471747,5650108,140900448.9,19.755,1,282.5537312,SRP,0.237925191,0.312198079
RR,45,RR,Y,154,10.63,0.2138,33,85.53,86044403,107493092,113.022,27.311,0.2931,,8.067237687,0.645379015,0.881853407,0.070548273,96768747.5,226280246.7,16.01,1,282.5537312,NH4,1.100953625,-0.489576518
RR,45,RR,Y,154,10.63,0.2138,33,85.53,86044403,107493092,113.022,27.311,0.2931,,8.067237687,0.645379015,0.881853407,0.070548273,96768747.5,226280246.7,16.01,1,282.5537312,NP,9.148048449,-0.349388985
RR,45,RR,Y,154,10.63,0.2138,33,85.53,86044403,107493092,113.022,27.311,0.2931,,8.067237687,0.645379015,0.881853407,0.070548273,96768747.5,226280246.7,16.01,1,282.5537312,SRP,0.120348469,-0.206690804
RR,135,RR,Y,136,10.75,0.2323,35,94.6,490162901,347917895,200.067,32.094,0.2931,,14.28029979,1.142423983,1.036293187,0.082903455,419040398,885920503.2,13.32,1,282.5537312,NH4,1.94886384,-0.27580852
RR,135,RR,Y,136,10.75,0.2323,35,94.6,490162901,347917895,200.067,32.094,0.2931,,14.28029979,1.142423983,1.036293187,0.082903455,419040398,885920503.2,13.32,1,282.5537312,NP,13.78017338,-0.285004909
RR,135,RR,Y,136,10.75,0.2323,35,94.6,490162901,347917895,200.067,32.094,0.2931,,14.28029979,1.142423983,1.036293187,0.082903455,419040398,885920503.2,13.32,1,282.5537312,SRP,0.141425205,-0.113675081
RR,177,RR,Y,128,10.33,0.1692,34,41.8,402719311,396058711,111.167,16.017,0.2931,,7.934832263,0.634786581,0.517177914,0.041374233,399389011,1910952206,13.225,1,282.5537312,NH4,1.082883966,-0.494132088
RR,177,RR,Y,128,10.33,0.1692,34,41.8,402719311,396058711,111.167,16.017,0.2931,,7.934832263,0.634786581,0.517177914,0.041374233,399389011,1910952206,13.225,1,282.5537312,NP,15.34255823,-0.26328859
RR,177,RR,Y,128,10.33,0.1692,34,41.8,402719311,396058711,111.167,16.017,0.2931,,7.934832263,0.634786581,0.517177914,0.041374233,399389011,1910952206,13.225,1,282.5537312,SRP,0.070580405,-0.426326928
SEW,41,SEW,Y,132,8.61,0.175,33,38.18,54712785,52937807,149.168,19.565,0.257033333,,10.64725196,0.851780157,0.631740394,0.050539232,53825296,281955453.1,16.295,1,531.5538053,NH4,1.656944932,-0.349404662
SEW,41,SEW,Y,132,8.61,0.175,33,38.18,54712785,52937807,149.168,19.565,0.257033333,,10.64725196,0.851780157,0.631740394,0.050539232,53825296,281955453.1,16.295,1,531.5538053,NP,16.8538407,-0.242282566
SEW,41,SEW,Y,132,8.61,0.175,33,38.18,54712785,52937807,149.168,19.565,0.257033333,,10.64725196,0.851780157,0.631740394,0.050539232,53825296,281955453.1,16.295,1,531.5538053,SRP,0.098312602,-0.30393936
SEW,47,SEW,Y,128,9.32,0.2061,35,68.8,37151561,37561867,133.032,9.502,0.257033333,,9.495503212,0.759640257,0.306813045,0.024545044,37356714,108595098.8,17.185,1,531.5538053,NH4,1.477707673,-0.394592453
SEW,47,SEW,Y,128,9.32,0.2061,35,68.8,37151561,37561867,133.032,9.502,0.257033333,,9.495503212,0.759640257,0.306813045,0.024545044,37356714,108595098.8,17.185,1,531.5538053,NP,30.94882493,-0.046369773
SEW,47,SEW,Y,128,9.32,0.2061,35,68.8,37151561,37561867,133.032,9.502,0.257033333,,9.495503212,0.759640257,0.306813045,0.024545044,37356714,108595098.8,17.185,1,531.5538053,SRP,0.04774681,-0.527096008
SEW,125,SEW,Y,128,9.46,0.1944,34,139.34,628784579,710574722,62.378,5.481,0.257033333,,4.452391149,0.356191292,0.17697772,0.014158218,669679650.5,961216665,12.475,1,531.5538053,NH4,0.692889299,-0.592454266
SEW,125,SEW,Y,128,9.46,0.1944,34,139.34,628784579,710574722,62.378,5.481,0.257033333,,4.452391149,0.356191292,0.17697772,0.014158218,669679650.5,961216665,12.475,1,531.5538053,NP,25.15791897,-0.126860289
SEW,125,SEW,Y,128,9.46,0.1944,34,139.34,628784579,710574722,62.378,5.481,0.257033333,,4.452391149,0.356191292,0.17697772,0.014158218,669679650.5,961216665,12.475,1,531.5538053,SRP,0.027541598,-0.616265529
SEW,8,SEW,Y,152,10.01,0.2098,34,91.56,597379866,667838559,96.677,14.566,0.257033333,,6.900571021,0.552045682,0.470326122,0.03762609,632609212.5,1381846248,12.445,1,531.5538053,NH4,1.073879553,-0.496402205
SEW,8,SEW,Y,152,10.01,0.2098,34,91.56,597379866,667838559,96.677,14.566,0.257033333,,6.900571021,0.552045682,0.470326122,0.03762609,632609212.5,1381846248,12.445,1,531.5538053,NP,14.67188552,-0.272610584
SEW,8,SEW,Y,152,10.01,0.2098,34,91.56,597379866,667838559,96.677,14.566,0.257033333,,6.900571021,0.552045682,0.470326122,0.03762609,632609212.5,1381846248,12.445,1,531.5538053,SRP,0.073193016,-0.414796966
SEW,33,Control,N,289,12.72,0.2415,36,144.8,997.23873,622.30532,74.206,17.601,0.279433333,,5.296645253,0.42373162,0.568324185,0.045465935,809.772025,1118.469648,32.71,0,531.5538053,NH4,0.758198057,-2.237720812
SEW,33,Control,N,289,12.72,0.2415,36,144.8,997.23873,622.30532,74.206,17.601,0.279433333,,5.296645253,0.42373162,0.568324185,0.045465935,809.772025,1118.469648,32.71,0,531.5538053,NP,9.31976044,-0.654384598
SEW,33,Control,N,289,12.72,0.2415,36,144.8,997.23873,622.30532,74.206,17.601,0.279433333,,5.296645253,0.42373162,0.568324185,0.045465935,809.772025,1118.469648,32.71,0,531.5538053,SRP,0.081353814,-1.074642126
SEW,44,Control,N,289,13.63,0.2351,40,321.8,NA,NA,134.202,28.722,0.279433333,no qPCR,9.579014989,0.766321199,0.927413626,0.07419309,NA,NA,NA,0,531.5538053,NH4,1.371205774,-1.146409171
SEW,44,Control,N,289,13.63,0.2351,40,321.8,NA,NA,134.202,28.722,0.279433333,no qPCR,9.579014989,0.766321199,0.927413626,0.07419309,NA,NA,NA,0,531.5538053,NP,10.32874083,-0.536633158
SEW,44,Control,N,289,13.63,0.2351,40,321.8,NA,NA,134.202,28.722,0.279433333,no qPCR,9.579014989,0.766321199,0.927413626,0.07419309,NA,NA,NA,0,531.5538053,SRP,0.132756335,-0.354881382
SEW,122,Control,N,289,14.06,0.3801,39,865.4,1245.61544,963.1275,210.588,39.906,0.279433333,,15.03126338,1.202501071,1.288537294,0.103082984,1104.37147,255.2279801,32.205,0,531.5538053,NH4,2.151677929,0.243032308
SEW,122,Control,N,289,14.06,0.3801,39,865.4,1245.61544,963.1275,210.588,39.906,0.279433333,,15.03126338,1.202501071,1.288537294,0.103082984,1104.37147,255.2279801,32.205,0,531.5538053,NP,11.66536929,-0.380644076
SEW,122,Control,N,289,14.06,0.3801,39,865.4,1245.61544,963.1275,210.588,39.906,0.279433333,,15.03126338,1.202501071,1.288537294,0.103082984,1104.37147,255.2279801,32.205,0,531.5538053,SRP,0.184450048,0.368956777
SEW,134,SEW,Y,144,10.01,0.1835,34,77.89,77879043,86954759,86.772,21.745,0.257033333,,6.193576017,0.495486081,0.702131095,0.056170488,82416901,211623831,16.425,1,531.5538053,NH4,0.963855691,-0.524140497
SEW,134,SEW,Y,144,10.01,0.1835,34,77.89,77879043,86954759,86.772,21.745,0.257033333,,6.193576017,0.495486081,0.702131095,0.056170488,82416901,211623831,16.425,1,531.5538053,NP,8.821110566,-0.353933248
SEW,134,SEW,Y,144,10.01,0.1835,34,77.89,77879043,86954759,86.772,21.745,0.257033333,,6.193576017,0.495486081,0.702131095,0.056170488,82416901,211623831,16.425,1,531.5538053,SRP,0.109266932,-0.255595776
SEW,137,SEW,Y,152,10.37,0.2084,34,107.06,146929794,178104408,112.1625,17.39,0.257033333,,8.005888651,0.640471092,0.56151114,0.044920891,162517101,303600039.2,15.22,1,531.5538053,NH4,1.245891116,-0.453036096
SEW,137,SEW,Y,152,10.37,0.2084,34,107.06,146929794,178104408,112.1625,17.39,0.257033333,,8.005888651,0.640471092,0.56151114,0.044920891,162517101,303600039.2,15.22,1,531.5538053,NP,14.25775569,-0.278366769
SEW,137,SEW,Y,152,10.37,0.2084,34,107.06,146929794,178104408,112.1625,17.39,0.257033333,,8.005888651,0.640471092,0.56151114,0.044920891,162517101,303600039.2,15.22,1,531.5538053,SRP,0.087383396,-0.352172065
SEW,145,SEW,Y,144,9.72,0.1817,33,63.27,31455664,32535357,127.654,19.955,0.257033333,,9.111634547,0.728930764,0.644333226,0.051546658,31995510.5,101139593.8,17.095,1,531.5538053,NH4,1.417969326,-0.409653183
SEW,145,SEW,Y,144,9.72,0.1817,33,63.27,31455664,32535357,127.654,19.955,0.257033333,,9.111634547,0.728930764,0.644333226,0.051546658,31995510.5,101139593.8,17.095,1,531.5538053,NP,14.14118376,-0.279987057
SEW,145,SEW,Y,144,9.72,0.1817,33,63.27,31455664,32535357,127.654,19.955,0.257033333,,9.111634547,0.728930764,0.644333226,0.051546658,31995510.5,101139593.8,17.095,1,531.5538053,SRP,0.100272322,-0.295290737
SEW,162,SEW,Y,128,8.93,0.1449,33,67.97,352553043,332112121,89.109,19.355,0.257033333,,6.360385439,0.508830835,0.624959638,0.049996771,342332582,1007304935,13.605,1,531.5538053,NH4,0.98981488,-0.517595884
SEW,162,SEW,Y,128,8.93,0.1449,33,67.97,352553043,332112121,89.109,19.355,0.257033333,,6.360385439,0.508830835,0.624959638,0.049996771,342332582,1007304935,13.605,1,531.5538053,NP,10.17727394,-0.335083298
SEW,162,SEW,Y,128,8.93,0.1449,33,67.97,352553043,332112121,89.109,19.355,0.257033333,,6.360385439,0.508830835,0.624959638,0.049996771,342332582,1007304935,13.605,1,531.5538053,SRP,0.097257368,-0.308596311
SEW,222,SEW,Y,122,8.36,0.1319,31,47.85,25218845,31029735,81.6795,12.6315,0.257033333,,5.830085653,0.466406852,0.407862448,0.032628996,28124290,117551891.3,17.865,1,531.5538053,NH4,0.907288652,-0.538401703
SEW,222,SEW,Y,122,8.36,0.1319,31,47.85,25218845,31029735,81.6795,12.6315,0.257033333,,5.830085653,0.466406852,0.407862448,0.032628996,28124290,117551891.3,17.865,1,531.5538053,NP,14.29424476,-0.27785959
SEW,222,SEW,Y,122,8.36,0.1319,31,47.85,25218845,31029735,81.6795,12.6315,0.257033333,,5.830085653,0.466406852,0.407862448,0.032628996,28124290,117551891.3,17.865,1,531.5538053,SRP,0.063472304,-0.457696353
SEW,246,SEW,Y,136,8.53,0.1591,35,99.76,270180947,255510150,102.639,14.017,0.257033333,,7.326124197,0.586089936,0.45259929,0.036207943,262845548.5,526955790.9,14.095,1,531.5538053,NH4,1.140104921,-0.479706022
SEW,246,SEW,Y,136,8.53,0.1591,35,99.76,270180947,255510150,102.639,14.017,0.257033333,,7.326124197,0.586089936,0.45259929,0.036207943,262845548.5,526955790.9,14.095,1,531.5538053,NP,16.18677794,-0.251554384
SEW,246,SEW,Y,136,8.53,0.1591,35,99.76,270180947,255510150,102.639,14.017,0.257033333,,7.326124197,0.586089936,0.45259929,0.036207943,262845548.5,526955790.9,14.095,1,531.5538053,SRP,0.070434334,-0.426971566
SEW,166,Control,N,289,14.31,0.3746,41,178.9,295.59776,304.21968,254.299,31.334,0.279433333,,18.15124911,1.452099929,1.01175331,0.080940265,299.90872,335.2808496,34.195,0,531.5538053,NH4,2.598294042,1.038124033
SEW,166,Control,N,289,14.31,0.3746,41,178.9,295.59776,304.21968,254.299,31.334,0.279433333,,18.15124911,1.452099929,1.01175331,0.080940265,299.90872,335.2808496,34.195,0,531.5538053,NP,17.94039015,0.351672177
SEW,166,Control,N,289,14.31,0.3746,41,178.9,295.59776,304.21968,254.299,31.334,0.279433333,,18.15124911,1.452099929,1.01175331,0.080940265,299.90872,335.2808496,34.195,0,531.5538053,SRP,0.144829294,-0.185830482
SEW,147,Control,N,289,14.28,0.3895,37,221.6,45.09826,1269.191,151.372,19.153,0.279433333,,10.80456817,0.864365453,0.618437197,0.049474976,657.14463,593.0908213,37.11,0,531.5538053,NH4,1.546639844,-0.834091335
SEW,147,Control,N,289,14.28,0.3895,37,221.6,45.09826,1269.191,151.372,19.153,0.279433333,,10.80456817,0.864365453,0.618437197,0.049474976,657.14463,593.0908213,37.11,0,531.5538053,NP,17.47076051,0.296864803
SEW,147,Control,N,289,14.28,0.3895,37,221.6,45.09826,1269.191,151.372,19.153,0.279433333,,10.80456817,0.864365453,0.618437197,0.049474976,657.14463,593.0908213,37.11,0,531.5538053,SRP,0.088527334,-0.974195343
SQR,38,Control,N,289,15.49,0.3902,NA,190.7,201.27703,551.82041,129.212,20.317,0.335366667,,9.222840828,0.737827266,0.656021957,0.052481757,376.54872,394.9121342,34.035,0,267.1359726,NH4,1.100030711,-1.629170635
SQR,38,Control,N,289,15.49,0.3902,NA,190.7,201.27703,551.82041,129.212,20.317,0.335366667,,9.222840828,0.737827266,0.656021957,0.052481757,376.54872,394.9121342,34.035,0,267.1359726,NP,14.05873802,-0.101329814
SQR,38,Control,N,289,15.49,0.3902,NA,190.7,201.27703,551.82041,129.212,20.317,0.335366667,,9.222840828,0.737827266,0.656021957,0.052481757,376.54872,394.9121342,34.035,0,267.1359726,SRP,0.078245338,-1.118168374
SQR,119,Control,N,289,12.18,0.2502,34,118.3,50.908,194.91776,182.288,24.603,0.335366667,,13.01127766,1.040902213,0.794413949,0.063553116,122.91288,207.7986137,35.88,0,267.1359726,NH4,1.551886808,-0.824750388
SQR,119,Control,N,289,12.18,0.2502,34,118.3,50.908,194.91776,182.288,24.603,0.335366667,,13.01127766,1.040902213,0.794413949,0.063553116,122.91288,207.7986137,35.88,0,267.1359726,NP,16.37846072,0.169389706
SQR,119,Control,N,289,12.18,0.2502,34,118.3,50.908,194.91776,182.288,24.603,0.335366667,,13.01127766,1.040902213,0.794413949,0.063553116,122.91288,207.7986137,35.88,0,267.1359726,SRP,0.094751688,-0.887039184
SQR,127,Control,N,289,13.45,0.3532,38,281.3,38.49937,82.79662,210.702,25.678,0.335366667,,15.03940043,1.203152034,0.82912496,0.066329997,60.647995,43.11979737,36.76,0,267.1359726,NH4,1.793785955,-0.394107595
SQR,127,Control,N,289,13.45,0.3532,38,281.3,38.49937,82.79662,210.702,25.678,0.335366667,,15.03940043,1.203152034,0.82912496,0.066329997,60.647995,43.11979737,36.76,0,267.1359726,NP,18.13888275,0.374836938
SQR,127,Control,N,289,13.45,0.3532,38,281.3,38.49937,82.79662,210.702,25.678,0.335366667,,15.03940043,1.203152034,0.82912496,0.066329997,60.647995,43.11979737,36.76,0,267.1359726,SRP,0.098891755,-0.829068143
SQR,164,Control,N,289,15.71,0.4305,38,289.6,292.26721,174.45154,161.069,58.629,0.335366667,,11.49671663,0.91973733,1.893090087,0.151447207,233.359375,161.1597894,35.6,0,267.1359726,NH4,1.371241422,-1.146345708
SQR,164,Control,N,289,15.71,0.4305,38,289.6,292.26721,174.45154,161.069,58.629,0.335366667,,11.49671663,0.91973733,1.893090087,0.151447207,233.359375,161.1597894,35.6,0,267.1359726,NP,6.072989716,-1.033293772
SQR,164,Control,N,289,15.71,0.4305,38,289.6,292.26721,174.45154,161.069,58.629,0.335366667,,11.49671663,0.91973733,1.893090087,0.151447207,233.359375,161.1597894,35.6,0,267.1359726,SRP,0.22579347,0.947865587
SQR,260,Control,N,289,13.26,0.2781,41,233.3,56.46498,126.36822,276.727,75.177,0.335366667,,19.75210564,1.580168451,2.427413626,0.19419309,91.4166,78.36828118,36.14,0,267.1359726,NH4,2.355881795,0.606567791
SQR,260,Control,N,289,13.26,0.2781,41,233.3,56.46498,126.36822,276.727,75.177,0.335366667,,19.75210564,1.580168451,2.427413626,0.19419309,91.4166,78.36828118,36.14,0,267.1359726,NP,8.137099268,-0.792405175
SQR,260,Control,N,289,13.26,0.2781,41,233.3,56.46498,126.36822,276.727,75.177,0.335366667,,19.75210564,1.580168451,2.427413626,0.19419309,91.4166,78.36828118,36.14,0,267.1359726,SRP,0.289523541,1.840242127
SQR,116,SQR,Y,136,10.62,0.2704,35,24.75,12974880,14690499,95.405,19.021,0.3406,,6.809778729,0.544782298,0.614175008,0.049134001,13832689.5,111779309.1,17.865,1,267.1359726,NH4,0.799739134,-0.565516184
SQR,116,SQR,Y,136,10.62,0.2704,35,24.75,12974880,14690499,95.405,19.021,0.3406,,6.809778729,0.544782298,0.614175008,0.049134001,13832689.5,111779309.1,17.865,1,267.1359726,NP,11.08768452,-0.322429074
SQR,116,SQR,Y,136,10.62,0.2704,35,24.75,12974880,14690499,95.405,19.021,0.3406,,6.809778729,0.544782298,0.614175008,0.049134001,13832689.5,111779309.1,17.865,1,267.1359726,SRP,0.072128598,-0.419494451
SQR,131,SQR,Y,128,11.3,0.3316,35,56.65,4459755,4302923,172.721,40.686,0.3406,,12.32840828,0.986272662,1.313722958,0.105097837,4381339,15468098.85,19.67,1,267.1359726,NH4,1.447845952,-0.40212094
SQR,131,SQR,Y,128,11.3,0.3316,35,56.65,4459755,4302923,172.721,40.686,0.3406,,12.32840828,0.986272662,1.313722958,0.105097837,4381339,15468098.85,19.67,1,267.1359726,NP,9.384328871,-0.346104813
SQR,131,SQR,Y,128,11.3,0.3316,35,56.65,4459755,4302923,172.721,40.686,0.3406,,12.32840828,0.986272662,1.313722958,0.105097837,4381339,15468098.85,19.67,1,267.1359726,SRP,0.154283377,-0.056929471
SQR,168,SQR,Y,164,11.03,0.3436,36,122.1,58947169,45507899,192.043,23.058,0.3406,,13.70756602,1.096605282,0.744526962,0.059562157,52227534,85548786.24,15.78,1,267.1359726,NH4,1.609813978,-0.361286922
SQR,168,SQR,Y,164,11.03,0.3436,36,122.1,58947169,45507899,192.043,23.058,0.3406,,13.70756602,1.096605282,0.744526962,0.059562157,52227534,85548786.24,15.78,1,267.1359726,NP,18.41110763,-0.220637383
SQR,168,SQR,Y,164,11.03,0.3436,36,122.1,58947169,45507899,192.043,23.058,0.3406,,13.70756602,1.096605282,0.744526962,0.059562157,52227534,85548786.24,15.78,1,267.1359726,SRP,0.087437106,-0.351935032
SQR,173,SQR,Y,150,10.58,0.242,35,105.26,43554933,42788205,140.998,38.047,0.3406,,10.06409707,0.805127766,1.228511463,0.098280917,43171569,82028441.95,16.065,1,267.1359726,NH4,1.181925669,-0.469162526
SQR,173,SQR,Y,150,10.58,0.242,35,105.26,43554933,42788205,140.998,38.047,0.3406,,10.06409707,0.805127766,1.228511463,0.098280917,43171569,82028441.95,16.065,1,267.1359726,NP,8.192106772,-0.362676067
SQR,173,SQR,Y,150,10.58,0.242,35,105.26,43554933,42788205,140.998,38.047,0.3406,,10.06409707,0.805127766,1.228511463,0.098280917,43171569,82028441.95,16.065,1,267.1359726,SRP,0.144276155,-0.101093282
SQR,192,SQR,Y,142,9.15,0.136,31,86.2,245481808,232082166,90.936,12.454,0.3406,,6.490792291,0.519263383,0.402131095,0.032170488,238781987,554018531.3,13.375,1,267.1359726,NH4,0.762277427,-0.574960715
SQR,192,SQR,Y,142,9.15,0.136,31,86.2,245481808,232082166,90.936,12.454,0.3406,,6.490792291,0.519263383,0.402131095,0.032170488,238781987,554018531.3,13.375,1,267.1359726,NP,16.14098581,-0.252190871
SQR,192,SQR,Y,142,9.15,0.136,31,86.2,245481808,232082166,90.936,12.454,0.3406,,6.490792291,0.519263383,0.402131095,0.032170488,238781987,554018531.3,13.375,1,267.1359726,SRP,0.0472262,-0.529393562
SQR,268,SQR,Y,158,10.6,0.2777,31,25.67,5973102,5304101,234.6,57.048,0.3406,,16.74518201,1.339614561,1.842040685,0.147363255,5638601.5,43931449.16,19.275,1,267.1359726,NH4,1.966551029,-0.271349374
SQR,268,SQR,Y,158,10.6,0.2777,31,25.67,5973102,5304101,234.6,57.048,0.3406,,16.74518201,1.339614561,1.842040685,0.147363255,5638601.5,43931449.16,19.275,1,267.1359726,NP,9.090560352,-0.350188039
SQR,268,SQR,Y,158,10.6,0.2777,31,25.67,5973102,5304101,234.6,57.048,0.3406,,16.74518201,1.339614561,1.842040685,0.147363255,5638601.5,43931449.16,19.275,1,267.1359726,SRP,0.216328912,0.21688951
SQR,269,SQR,Y,160,10.32,0.2739,33,117.32,206948601,172534976,237.235,33.586,0.3406,,16.93326196,1.354660956,1.084468841,0.086757507,189741788.5,323460260,13.74,1,267.1359726,NH4,1.988639102,-0.265780715
SQR,269,SQR,Y,160,10.32,0.2739,33,117.32,206948601,172534976,237.235,33.586,0.3406,,16.93326196,1.354660956,1.084468841,0.086757507,189741788.5,323460260,13.74,1,267.1359726,NP,15.61433701,-0.259511009
SQR,269,SQR,Y,160,10.32,0.2739,33,117.32,206948601,172534976,237.235,33.586,0.3406,,16.93326196,1.354660956,1.084468841,0.086757507,189741788.5,323460260,13.74,1,267.1359726,SRP,0.127359817,-0.175748366
SQR,48,SQR,Y,138,11.62,0.2812,34,48.57,63054385,65579157,200.691,46.786,0.3406,,14.3248394,1.145987152,1.510687762,0.120855021,64316771,264841552.4,16.02,1,267.1359726,NH4,1.682306447,-0.34301073
SQR,48,SQR,Y,138,11.62,0.2812,34,48.57,63054385,65579157,200.691,46.786,0.3406,,14.3248394,1.145987152,1.510687762,0.120855021,64316771,264841552.4,16.02,1,267.1359726,NP,9.482329676,-0.344742654
SQR,48,SQR,Y,138,11.62,0.2812,34,48.57,63054385,65579157,200.691,46.786,0.3406,,14.3248394,1.145987152,1.510687762,0.120855021,64316771,264841552.4,16.02,1,267.1359726,SRP,0.177414887,0.045154369
SQR,80,SQR,Y,150,11.11,0.2512,34,174.94,444158043,467576780,99.02,23.549,0.3406,,7.067808708,0.565424697,0.760381014,0.060830481,455867411.5,521170014.3,12.35,1,267.1359726,NH4,0.830042127,-0.557876448
SQR,80,SQR,Y,150,11.11,0.2512,34,174.94,444158043,467576780,99.02,23.549,0.3406,,7.067808708,0.565424697,0.760381014,0.060830481,455867411.5,521170014.3,12.35,1,267.1359726,NP,9.295088356,-0.347345209
SQR,80,SQR,Y,150,11.11,0.2512,34,174.94,444158043,467576780,99.02,23.549,0.3406,,7.067808708,0.565424697,0.760381014,0.060830481,455867411.5,521170014.3,12.35,1,267.1359726,SRP,0.089299003,-0.343718119
SQR,21,SQR,Y,142,9.11,0.1936,34,87.66,254660834,241387059,156.189,42.407,0.3406,,11.148394,0.89187152,1.369292864,0.109543429,248023946.5,565877131,13.955,1,267.1359726,NH4,1.309265297,-0.43705873
SQR,21,SQR,Y,142,9.11,0.1936,34,87.66,254660834,241387059,156.189,42.407,0.3406,,11.148394,0.89187152,1.369292864,0.109543429,248023946.5,565877131,13.955,1,267.1359726,NP,8.141716281,-0.363376468
SQR,21,SQR,Y,142,9.11,0.1936,34,87.66,254660834,241387059,156.189,42.407,0.3406,,11.148394,0.89187152,1.369292864,0.109543429,248023946.5,565877131,13.955,1,267.1359726,SRP,0.160809497,-0.02812844
STB,230,STB,Y,142,10.65,0.3055,36,212.85,91279063,83270207,267.189,44.741,0.308266667,,19.07130621,1.525704497,1.444656119,0.11557249,87274635,82005764.62,14.96,1,729.7692928,NH4,2.474650457,-0.143251616
STB,230,STB,Y,142,10.65,0.3055,36,212.85,91279063,83270207,267.189,44.741,0.308266667,,19.07130621,1.525704497,1.444656119,0.11557249,87274635,82005764.62,14.96,1,729.7692928,NP,13.20127743,-0.293051256
STB,230,STB,Y,142,10.65,0.3055,36,212.85,91279063,83270207,267.189,44.741,0.308266667,,19.07130621,1.525704497,1.444656119,0.11557249,87274635,82005764.62,14.96,1,729.7692928,SRP,0.187455379,0.089465006
STB,233,STB,Y,144,10.8,0.287,36,121.55,36522025,35467245,210.645,35.336,0.308266667,,15.03533191,1.202826552,1.140975137,0.091278011,35994635,59226055.12,16.355,1,729.7692928,NH4,1.95095137,-0.275282229
STB,233,STB,Y,144,10.8,0.287,36,121.55,36522025,35467245,210.645,35.336,0.308266667,,15.03533191,1.202826552,1.140975137,0.091278011,35994635,59226055.12,16.355,1,729.7692928,NP,13.17761572,-0.293380141
STB,233,STB,Y,144,10.8,0.287,36,121.55,36522025,35467245,210.645,35.336,0.308266667,,15.03533191,1.202826552,1.140975137,0.091278011,35994635,59226055.12,16.355,1,729.7692928,SRP,0.148050407,-0.084436778
STB,252,STB,Y,128,10.49,0.223,33,115.65,289954110,298819531,193.846,26.588,0.308266667,,13.83625981,1.106900785,0.858508234,0.068680659,294386820.5,509099559.9,13.045,1,729.7692928,NH4,1.795362431,-0.314508005
STB,252,STB,Y,128,10.49,0.223,33,115.65,289954110,298819531,193.846,26.588,0.308266667,,13.83625981,1.106900785,0.858508234,0.068680659,294386820.5,509099559.9,13.045,1,729.7692928,NP,16.1166303,-0.252529399
STB,252,STB,Y,128,10.49,0.223,33,115.65,289954110,298819531,193.846,26.588,0.308266667,,13.83625981,1.106900785,0.858508234,0.068680659,294386820.5,509099559.9,13.045,1,729.7692928,SRP,0.111398127,-0.246190399
STB,259,STB,Y,130,8.49,0.1878,31,64.3,23742391,21533662,128.696,27.392,0.308266667,,9.186009993,0.734880799,0.884468841,0.070757507,22638026.5,70413768.27,17.085,1,729.7692928,NH4,1.191956313,-0.466633685
STB,259,STB,Y,130,8.49,0.1878,31,64.3,23742391,21533662,128.696,27.392,0.308266667,,9.186009993,0.734880799,0.884468841,0.070757507,22638026.5,70413768.27,17.085,1,729.7692928,NP,10.38590572,-0.332183427
STB,259,STB,Y,130,8.49,0.1878,31,64.3,23742391,21533662,128.696,27.392,0.308266667,,9.186009993,0.734880799,0.884468841,0.070757507,22638026.5,70413768.27,17.085,1,729.7692928,SRP,0.114766718,-0.231324154
STB,275,STB,Y,128,10.97,0.3982,35,102.28,65230793,52854472,97.265,17.776,0.308266667,,6.942541042,0.555403283,0.573974814,0.045917985,59042632.5,115452938,15.585,1,729.7692928,NH4,0.90084875,-0.540025277
STB,275,STB,Y,128,10.97,0.3982,35,102.28,65230793,52854472,97.265,17.776,0.308266667,,6.942541042,0.555403283,0.573974814,0.045917985,59042632.5,115452938,15.585,1,729.7692928,NP,12.09554996,-0.30842028
STB,275,STB,Y,128,10.97,0.3982,35,102.28,65230793,52854472,97.265,17.776,0.308266667,,6.942541042,0.555403283,0.573974814,0.045917985,59042632.5,115452938,15.585,1,729.7692928,SRP,0.074477701,-0.409127403
STB,267,Control,N,289,14.49,0.376,38,255.4,135.06189,249.81818,213.911,71.832,0.2848,,15.26845111,1.221476089,2.319405877,0.18555247,192.440035,150.6969734,34.95,0,729.7692928,NH4,2.14444538,0.230156508
STB,267,Control,N,289,14.49,0.376,38,255.4,135.06189,249.81818,213.911,71.832,0.2848,,15.26845111,1.221476089,2.319405877,0.18555247,192.440035,150.6969734,34.95,0,729.7692928,NP,6.582914728,-0.973783791
STB,267,Control,N,289,14.49,0.376,38,255.4,135.06189,249.81818,213.911,71.832,0.2848,,15.26845111,1.221476089,2.319405877,0.18555247,192.440035,150.6969734,34.95,0,729.7692928,SRP,0.325759252,2.347630521
STB,56,STB,Y,128,10.05,0.2335,33,144.9,180569224,197653382,186.441,38.863,0.308266667,,13.30770878,1.064616702,1.254859541,0.100388763,189111303,261023192.5,13.74,1,729.7692928,NH4,1.726778819,-0.331798729
STB,56,STB,Y,128,10.05,0.2335,33,144.9,180569224,197653382,186.441,38.863,0.308266667,,13.30770878,1.064616702,1.254859541,0.100388763,189111303,261023192.5,13.74,1,729.7692928,NP,10.60493891,-0.329138982
STB,56,STB,Y,128,10.05,0.2335,33,144.9,180569224,197653382,186.441,38.863,0.308266667,,13.30770878,1.064616702,1.254859541,0.100388763,189111303,261023192.5,13.74,1,729.7692928,SRP,0.162827795,-0.019221298
STB,128,STB,Y,138,10.07,0.2093,31,72.25,32695472,31052215,180.12,36.972,0.308266667,,12.85653105,1.028522484,1.193800452,0.095504036,31873843.5,88232092.73,16.55,1,729.7692928,NH4,1.668234996,-0.346558306
STB,128,STB,Y,138,10.07,0.2093,31,72.25,32695472,31052215,180.12,36.972,0.308266667,,12.85653105,1.028522484,1.193800452,0.095504036,31873843.5,88232092.73,16.55,1,729.7692928,NP,10.76941379,-0.326852868
STB,128,STB,Y,138,10.07,0.2093,31,72.25,32695472,31052215,180.12,36.972,0.308266667,,12.85653105,1.028522484,1.193800452,0.095504036,31873843.5,88232092.73,16.55,1,729.7692928,SRP,0.154904903,-0.054186558
STB,179,STB,Y,128,9.66,0.1961,34,186,1820453525,1436931390,152.613,33.796,0.308266667,,10.89314775,0.87145182,1.091249596,0.087299968,1628692458,1751282212,10.355,1,729.7692928,NH4,1.413470727,-0.410787332
STB,179,STB,Y,128,9.66,0.1961,34,186,1820453525,1436931390,152.613,33.796,0.308266667,,10.89314775,0.87145182,1.091249596,0.087299968,1628692458,1751282212,10.355,1,729.7692928,NP,9.982269673,-0.337793753
STB,179,STB,Y,128,9.66,0.1961,34,186,1820453525,1436931390,152.613,33.796,0.308266667,,10.89314775,0.87145182,1.091249596,0.087299968,1628692458,1751282212,10.355,1,729.7692928,SRP,0.141598131,-0.112911924
STB,27,STB,Y,128,8.12,0.1212,32,86.18,102554841,91398540,68.308,9.23,0.308266667,,4.875660243,0.390052819,0.298030352,0.023842428,96976690.5,225056139.5,14.795,1,729.7692928,NH4,0.632654875,-0.607640063
STB,27,STB,Y,128,8.12,0.1212,32,86.18,102554841,91398540,68.308,9.23,0.308266667,,4.875660243,0.390052819,0.298030352,0.023842428,96976690.5,225056139.5,14.795,1,729.7692928,NP,16.35960972,-0.249152114
STB,27,STB,Y,128,8.12,0.1212,32,86.18,102554841,91398540,68.308,9.23,0.308266667,,4.875660243,0.390052819,0.298030352,0.023842428,96976690.5,225056139.5,14.795,1,729.7692928,SRP,0.038671758,-0.567145973
STB,51,Control,N,289,14.9,0.2617,44,86.9,181.34777,270.16749,220.543,43.961,0.2848,,15.74182727,1.259346181,1.419470455,0.113557636,225.75763,519.5802762,34.665,0,729.7692928,NH4,2.210930796,0.348517674
STB,51,Control,N,289,14.9,0.2617,44,86.9,181.34777,270.16749,220.543,43.961,0.2848,,15.74182727,1.259346181,1.419470455,0.113557636,225.75763,519.5802762,34.665,0,729.7692928,NP,11.08992949,-0.447799855
STB,51,Control,N,289,14.9,0.2617,44,86.9,181.34777,270.16749,220.543,43.961,0.2848,,15.74182727,1.259346181,1.419470455,0.113557636,225.75763,519.5802762,34.665,0,729.7692928,SRP,0.199363828,0.577786092
STB,94,Control,N,289,12.67,0.2581,38,304.1,692.01117,1226.06497,237.707,44.379,0.2848,,16.96695218,1.357356174,1.432967388,0.114637391,959.03807,630.7386189,32.47,0,729.7692928,NH4,2.382998901,0.654843225
STB,94,Control,N,289,12.67,0.2581,38,304.1,692.01117,1226.06497,237.707,44.379,0.2848,,16.96695218,1.357356174,1.432967388,0.114637391,959.03807,630.7386189,32.47,0,729.7692928,NP,11.84043149,-0.360213723
STB,94,Control,N,289,12.67,0.2581,38,304.1,692.01117,1226.06497,237.707,44.379,0.2848,,16.96695218,1.357356174,1.432967388,0.114637391,959.03807,630.7386189,32.47,0,729.7692928,SRP,0.201259465,0.604329631
STB,106,Control,N,289,13.89,0.4136,39,492.6,42.73385,147.75228,208.863,31.275,0.2848,,14.90813704,1.192650964,1.00984824,0.080787859,95.243065,38.66953512,36.235,0,729.7692928,NH4,2.093839473,0.140064957
STB,106,Control,N,289,13.89,0.4136,39,492.6,42.73385,147.75228,208.863,31.275,0.2848,,14.90813704,1.192650964,1.00984824,0.080787859,95.243065,38.66953512,36.235,0,729.7692928,NP,14.76274994,-0.019169231
STB,106,Control,N,289,13.89,0.4136,39,492.6,42.73385,147.75228,208.863,31.275,0.2848,,14.90813704,1.192650964,1.00984824,0.080787859,95.243065,38.66953512,36.235,0,729.7692928,SRP,0.141832618,-0.227791262
STB,188,STB,Y,146,10.39,0.2405,35,150.67,190513415,193883883,195.205,26.598,0.308266667,,13.93326196,1.114660956,0.858831127,0.06870649,192198649,255125305.6,13.715,1,729.7692928,NH4,1.807949214,-0.311334731
STB,188,STB,Y,146,10.39,0.2405,35,150.67,190513415,193883883,195.205,26.598,0.308266667,,13.93326196,1.114660956,0.858831127,0.06870649,192198649,255125305.6,13.715,1,729.7692928,NP,16.22351766,-0.251043722
STB,188,STB,Y,146,10.39,0.2405,35,150.67,190513415,193883883,195.205,26.598,0.308266667,,13.93326196,1.114660956,0.858831127,0.06870649,192198649,255125305.6,13.715,1,729.7692928,SRP,0.111440025,-0.246005496
STB,149,Control,N,289,13.41,0.2235,44,312.1,1399.02905,1803.94678,285.912,43.359,0.2848,,20.40770878,1.632616702,1.400032289,0.112002583,1601.487915,1026.265886,31.635,0,729.7692928,NH4,2.866251233,1.515156856
STB,149,Control,N,289,13.41,0.2235,44,312.1,1399.02905,1803.94678,285.912,43.359,0.2848,,20.40770878,1.632616702,1.400032289,0.112002583,1601.487915,1026.265886,31.635,0,729.7692928,NP,14.57659865,-0.040893719
STB,149,Control,N,289,13.41,0.2235,44,312.1,1399.02905,1803.94678,285.912,43.359,0.2848,,20.40770878,1.632616702,1.400032289,0.112002583,1601.487915,1026.265886,31.635,0,729.7692928,SRP,0.196633748,0.539558316
TRL,24,TRL,Y,140,11.08,0.2268,35,105.74,216287375,250492904,98.682,33.436,0.253733333,,7.043683084,0.563494647,1.079625444,0.086370036,233390139.5,441441534.9,13.415,1,926.7411972,NH4,1.110407214,-0.487193158
TRL,24,TRL,Y,140,11.08,0.2268,35,105.74,216287375,250492904,98.682,33.436,0.253733333,,7.043683084,0.563494647,1.079625444,0.086370036,233390139.5,441441534.9,13.415,1,926.7411972,NP,6.524191443,-0.385859204
TRL,24,TRL,Y,140,11.08,0.2268,35,105.74,216287375,250492904,98.682,33.436,0.253733333,,7.043683084,0.563494647,1.079625444,0.086370036,233390139.5,441441534.9,13.415,1,926.7411972,SRP,0.170198441,0.013306794
TRL,52,TRL,Y,128,9.78,0.1715,32,90.35,442888213,372740241,55.741,13.115,0.253733333,,3.978658101,0.318292648,0.42347433,0.033877946,407814227,902743169.9,12.535,1,926.7411972,NH4,0.627218829,-0.609010554
TRL,52,TRL,Y,128,9.78,0.1715,32,90.35,442888213,372740241,55.741,13.115,0.253733333,,3.978658101,0.318292648,0.42347433,0.033877946,407814227,902743169.9,12.535,1,926.7411972,NP,9.395275745,-0.345952657
TRL,52,TRL,Y,128,9.78,0.1715,32,90.35,442888213,372740241,55.741,13.115,0.253733333,,3.978658101,0.318292648,0.42347433,0.033877946,407814227,902743169.9,12.535,1,926.7411972,SRP,0.066758959,-0.443191708
TRL,69,TRL,Y,128,11.84,0.2597,35,14.37,1185492,1390283,61.498,18.665,0.253733333,,4.389578872,0.35116631,0.602680013,0.048214401,1287887.5,17924669.45,22.025,1,926.7411972,NH4,0.691998772,-0.592678779
TRL,69,TRL,Y,128,11.84,0.2597,35,14.37,1185492,1390283,61.498,18.665,0.253733333,,4.389578872,0.35116631,0.602680013,0.048214401,1287887.5,17924669.45,22.025,1,926.7411972,NP,7.283431967,-0.375306164
TRL,69,TRL,Y,128,11.84,0.2597,35,14.37,1185492,1390283,61.498,18.665,0.253733333,,4.389578872,0.35116631,0.602680013,0.048214401,1287887.5,17924669.45,22.025,1,926.7411972,SRP,0.095009986,-0.318514443
TRL,76,TRL,Y,130,NA,NA,NA,NA,NA,NA,98.642,21.79,0.253733333,Missing Sample,7.04082798,0.563266238,0.703584114,0.056286729,NA,NA,NA,1,926.7411972,NH4,1.109957119,-0.487306633
TRL,76,TRL,Y,130,NA,NA,NA,NA,NA,NA,98.642,21.79,0.253733333,Missing Sample,7.04082798,0.563266238,0.703584114,0.056286729,NA,NA,NA,1,926.7411972,NP,10.00708777,-0.337448795
TRL,76,TRL,Y,130,NA,NA,NA,NA,NA,NA,98.642,21.79,0.253733333,Missing Sample,7.04082798,0.563266238,0.703584114,0.056286729,NA,NA,NA,1,926.7411972,SRP,0.110917096,-0.248313281
TRL,136,TRL,Y,130,10.37,0.224,33,43.6,53048054,50659291,108.028,19.276,0.253733333,,7.710778016,0.616862241,0.622408783,0.049792703,51853672.5,237860883,15.78,1,926.7411972,NH4,1.215571943,-0.460679911
TRL,136,TRL,Y,130,10.37,0.224,33,43.6,53048054,50659291,108.028,19.276,0.253733333,,7.710778016,0.616862241,0.622408783,0.049792703,51853672.5,237860883,15.78,1,926.7411972,NP,12.38860734,-0.304346938
TRL,136,TRL,Y,130,10.37,0.224,33,43.6,53048054,50659291,108.028,19.276,0.253733333,,7.710778016,0.616862241,0.622408783,0.049792703,51853672.5,237860883,15.78,1,926.7411972,SRP,0.098120145,-0.304788712
TRL,165,TRL,Y,138,10.63,0.2394,35,90.57,376405698,380478645,193.163,22.247,0.253733333,,13.78750892,1.103000714,0.718340329,0.057467226,378442171.5,835689900.6,13.845,1,926.7411972,NH4,2.173543186,-0.219164251
TRL,165,TRL,Y,138,10.63,0.2394,35,90.57,376405698,380478645,193.163,22.247,0.253733333,,13.78750892,1.103000714,0.718340329,0.057467226,378442171.5,835689900.6,13.845,1,926.7411972,NP,19.19356099,-0.209761697
TRL,165,TRL,Y,138,10.63,0.2394,35,90.57,376405698,380478645,193.163,22.247,0.253733333,,13.78750892,1.103000714,0.718340329,0.057467226,378442171.5,835689900.6,13.845,1,926.7411972,SRP,0.113243352,-0.238047063
TRL,181,TRL,Y,136,9.45,0.1714,34,81.9,125351185,134946523,110.52,14.948,0.253733333,,7.888650964,0.631092077,0.482660639,0.038612851,130148854,317823819.3,15.24,1,926.7411972,NH4,1.24361287,-0.453610468
TRL,181,TRL,Y,136,9.45,0.1714,34,81.9,125351185,134946523,110.52,14.948,0.253733333,,7.888650964,0.631092077,0.482660639,0.038612851,130148854,317823819.3,15.24,1,926.7411972,NP,16.34409422,-0.249367772
TRL,181,TRL,Y,136,9.45,0.1714,34,81.9,125351185,134946523,110.52,14.948,0.253733333,,7.888650964,0.631092077,0.482660639,0.038612851,130148854,317823819.3,15.24,1,926.7411972,SRP,0.076089434,-0.402014514
TRL,220,TRL,Y,128,7.02,0.0802,28,32.88,69730610,90619964,43.535,6.926,0.253733333,,3.107423269,0.248593862,0.223635777,0.017890862,80175287,487684227.5,NA,1,926.7411972,NH4,0.489872297,-0.643637207
TRL,220,TRL,Y,128,7.02,0.0802,28,32.88,69730610,90619964,43.535,6.926,0.253733333,,3.107423269,0.248593862,0.223635777,0.017890862,80175287,487684227.5,NA,1,926.7411972,NP,13.89501857,-0.283408622
TRL,220,TRL,Y,128,7.02,0.0802,28,32.88,69730610,90619964,43.535,6.926,0.253733333,,3.107423269,0.248593862,0.223635777,0.017890862,80175287,487684227.5,NA,1,926.7411972,SRP,0.035255246,-0.582223705
TRL,229,TRL,Y,142,9.5,0.1938,35,94.78,634948748,567884751,70.813,6.367,0.253733333,,5.054461099,0.404356888,0.205586051,0.016446884,601416749.5,1269079446,12.725,1,926.7411972,NH4,0.796814678,-0.566253473
TRL,229,TRL,Y,142,9.5,0.1938,35,94.78,634948748,567884751,70.813,6.367,0.253733333,,5.054461099,0.404356888,0.205586051,0.016446884,601416749.5,1269079446,12.725,1,926.7411972,NP,24.58562278,-0.134814902
TRL,229,TRL,Y,142,9.5,0.1938,35,94.78,634948748,567884751,70.813,6.367,0.253733333,,5.054461099,0.404356888,0.205586051,0.016446884,601416749.5,1269079446,12.725,1,926.7411972,SRP,0.032409782,-0.594781289
TRL,258,TRL,Y,128,10.67,0.2337,35,154.53,1731201932,1538260597,102.86,9.511,0.253733333,,7.341898644,0.587351892,0.307103649,0.024568292,1634731265,2115746152,11.055,1,926.7411972,NH4,1.157419651,-0.475340778
TRL,258,TRL,Y,128,10.67,0.2337,35,154.53,1731201932,1538260597,102.86,9.511,0.253733333,,7.341898644,0.587351892,0.307103649,0.024568292,1634731265,2115746152,11.055,1,926.7411972,NP,23.9069079,-0.144248679
TRL,258,TRL,Y,128,10.67,0.2337,35,154.53,1731201932,1538260597,102.86,9.511,0.253733333,,7.341898644,0.587351892,0.307103649,0.024568292,1634731265,2115746152,11.055,1,926.7411972,SRP,0.048413607,-0.524153304
TRL,15,Control,N,289,0.2716,13.62,38,191.3,NA,NA,265.344,41.215,0.3458,no qPCR,18.93961456,1.515169165,1.330804004,0.10646432,NA,NA,NA,0,926.7411972,NH4,2.190817185,0.312710265
TRL,15,Control,N,289,0.2716,13.62,38,191.3,NA,NA,265.344,41.215,0.3458,no qPCR,18.93961456,1.515169165,1.330804004,0.10646432,NA,NA,NA,0,926.7411972,NP,14.23170843,-0.081143579
TRL,15,Control,N,289,0.2716,13.62,38,191.3,NA,NA,265.344,41.215,0.3458,no qPCR,18.93961456,1.515169165,1.330804004,0.10646432,NA,NA,NA,0,926.7411972,SRP,0.153939156,-0.058270181
TRL,22,Control,N,289,0.4021,14.74,36,148.9,NA,NA,224.544,29.02,0.3458,no qPCR,16.02740899,1.282192719,0.937035841,0.074962867,NA,NA,NA,0,926.7411972,NH4,1.853951301,-0.286997782
TRL,22,Control,N,289,0.4021,14.74,36,148.9,NA,NA,224.544,29.02,0.3458,no qPCR,16.02740899,1.282192719,0.937035841,0.074962867,NA,NA,NA,0,926.7411972,NP,17.10437135,0.254105943
TRL,22,Control,N,289,0.4021,14.74,36,148.9,NA,NA,224.544,29.02,0.3458,no qPCR,16.02740899,1.282192719,0.937035841,0.074962867,NA,NA,NA,0,926.7411972,SRP,0.108390496,-0.696062585
TRL,79,Control,N,289,0.4142,13.73,39,167.3,NA,NA,248.059,38.134,0.3458,no qPCR,17.70585296,1.416468237,1.231320633,0.098505651,NA,NA,NA,0,926.7411972,NH4,2.048103292,0.058642775
TRL,79,Control,N,289,0.4142,13.73,39,167.3,NA,NA,248.059,38.134,0.3458,no qPCR,17.70585296,1.416468237,1.231320633,0.098505651,NA,NA,NA,0,926.7411972,NP,14.37956328,-0.063888416
TRL,79,Control,N,289,0.4142,13.73,39,167.3,NA,NA,248.059,38.134,0.3458,no qPCR,17.70585296,1.416468237,1.231320633,0.098505651,NA,NA,NA,0,926.7411972,SRP,0.142431536,-0.219404941
TRL,113,Control,N,289,0.2511,12.7,35,173.2,NA,NA,213.815,49.21,0.3458,no qPCR,15.26159886,1.220927909,1.588957055,0.127116564,NA,NA,NA,0,926.7411972,NH4,1.765367132,-0.44470042
TRL,113,Control,N,289,0.2511,12.7,35,173.2,NA,NA,213.815,49.21,0.3458,no qPCR,15.26159886,1.220927909,1.588957055,0.127116564,NA,NA,NA,0,926.7411972,NP,9.604790015,-0.621120678
TRL,113,Control,N,289,0.2511,12.7,35,173.2,NA,NA,213.815,49.21,0.3458,no qPCR,15.26159886,1.220927909,1.588957055,0.127116564,NA,NA,NA,0,926.7411972,SRP,0.1838007,0.359864322
TRL,263,Control,N,289,0.3902,15.49,40,147.8,NA,NA,254.935,30.934,0.3458,no qPCR,18.19664525,1.45573162,0.998837585,0.079907007,NA,NA,NA,0,926.7411972,NH4,2.104875102,0.159711219
TRL,263,Control,N,289,0.3902,15.49,40,147.8,NA,NA,254.935,30.934,0.3458,no qPCR,18.19664525,1.45573162,0.998837585,0.079907007,NA,NA,NA,0,926.7411972,NP,18.21782193,0.384049408
TRL,263,Control,N,289,0.3902,15.49,40,147.8,NA,NA,254.935,30.934,0.3458,no qPCR,18.19664525,1.45573162,0.998837585,0.079907007,NA,NA,NA,0,926.7411972,SRP,0.115539339,-0.595961342