"","site","species","X.","nanodrop","avg.sq","conversion..200","FV3.load","log.load.FV3","Site.type","SRP..ppb.","NH3.N..ppb.","Chloride..ppm.","Sulfate..ppm.","fish","large_fish"
"1","CAP","T",12,41.874,15.65906817,3131.813635,74.7913654,1.873851462,"Urban",7.829,5.552,3.3481,0.8912,0,0
"2","CAP","T",10,250.981,0,0,0,0,"Urban",7.829,5.552,3.3481,0.8912,0,0
"3","CAP","T",3,266.616,0,0,0,0,"Urban",7.829,5.552,3.3481,0.8912,0,0
"4","CAP","T",8,473.076,14.83838556,2967.677113,6.273150852,0.797485731,"Urban",7.829,5.552,3.3481,0.8912,0,0
"5","CAP","T",13,404.316,52932.21367,10586442.73,26183.58594,4.418029125,"Urban",7.829,5.552,3.3481,0.8912,0,0
"12","DC5","T",58,38.075,6.636477869,1327.295574,34.8600282,1.542327734,"Rural",167.145,30.667,9.0637,1.7135,1,0
"13","DC5","T",55,1012.558,31.65502301,6331.004602,6.252485885,0.79605272,"Rural",167.145,30.667,9.0637,1.7135,1,0
"15","DC5","T",52,273.531,9.141860827,1828.372165,6.684332545,0.825058048,"Rural",167.145,30.667,9.0637,1.7135,1,0
"16","DC5","T",56,362.845,10.28800162,2057.600324,5.670741843,0.753639877,"Rural",167.145,30.667,9.0637,1.7135,1,0
"17","DC5","T",57,236.469,0,0,0,0,"Rural",167.145,30.667,9.0637,1.7135,1,0
"18","DC6","T",22,158.837,5.922677559,1184.535512,7.457554045,0.872596409,"Rural",124.006,17.982,15.9103,4.5452,1,0
"19","DC6","T",25,154.441,9.478825643,1895.765129,12.275012,1.089021925,"Rural",124.006,17.982,15.9103,4.5452,1,0
"20","DC6","T",21,189.697,231.3048044,46260.96087,243.8676461,2.387154186,"Rural",124.006,17.982,15.9103,4.5452,1,0
"21","DC6","T",26,87.949,69191.44144,13838288.29,157344.4643,5.196851468,"Rural",124.006,17.982,15.9103,4.5452,1,0
"23","DC7","T",32,99.863,15.04751238,3009.502475,30.1363115,1.479090096,"Rural",92.091,10.151,26.2921,8.8704,1,0
"24","DC7","T",29,59.895,19.36140834,3872.281667,64.65116733,1.810576371,"Rural",92.091,10.151,26.2921,8.8704,1,0
"25","DC7","T",30,69.867,0,0,0,0,"Rural",92.091,10.151,26.2921,8.8704,1,0
"26","DC7","T",40,50.468,0,0,0,0,"Rural",92.091,10.151,26.2921,8.8704,1,0
"27","DC7","T",43,149.131,0,0,0,0,"Rural",92.091,10.151,26.2921,8.8704,1,0
"34","DCW","T",183,407.671,14.91391412,2982.782825,7.316642157,0.864311815,"Rural",78.625,57.442,11.4409,3.9879,1,0
"35","DCW","T",182,203.996,277471536.1,55494307222,272036251.8,8.434626782,"Rural",78.625,57.442,11.4409,3.9879,1,0
"43","DOBA14","T",213,48.284,2.2000979,440.0195801,9.113155084,0.959668761,"Urban",16.853,40.43,10.2976,2.5473,1,0
"44","DOBA14","T",211,664.865,9010328.278,1802065656,2710423.403,6.433037138,"Urban",16.853,40.43,10.2976,2.5473,1,0
"45","DOBA14","T",203,78.534,10.44862113,2089.724227,26.6091658,1.42503126,"Urban",16.853,40.43,10.2976,2.5473,1,0
"46","DOBA14","T",208,571.392,260818.4589,52163691.79,91292.30334,4.960434165,"Urban",16.853,40.43,10.2976,2.5473,1,0
"47","DOBA14","T",206,178.762,26.51010734,5302.021468,29.65966742,1.472166277,"Urban",16.853,40.43,10.2976,2.5473,1,0
"50","DOBA22","T",169,749.53,7.932181935,1586.436387,2.116574903,0.325633642,"Urban",63.321,265.884,4.013,1.4902,0,0
"51","DOBA22","T",159,120.071,12.10753592,2421.507185,20.16729422,1.304647634,"Urban",63.321,265.884,4.013,1.4902,0,0
"53","DOBA22","T",158,119.237,24938487.31,4987697462,41830115.34,7.621489062,"Urban",63.321,265.884,4.013,1.4902,0,0
"54","DOBA22","T",163,811.598,0,0,0,0,"Urban",63.321,265.884,4.013,1.4902,0,0
"55","DOBA22","T",164,330.522,19.43296492,3886.592984,11.75895397,1.07036869,"Urban",63.321,265.884,4.013,1.4902,0,0
"56","DOBA5","T",74,350.332,0,0,0,0,"Urban",81.76,628.823,11.8746,2.0885,0,0
"57","DOBA5","T",68,185.521,9.755708788,1951.141758,10.51709379,1.021895747,"Urban",81.76,628.823,11.8746,2.0885,0,0
"58","DOBA5","T",62,337.403,21006.10011,4201220.023,12451.63802,4.095226487,"Urban",81.76,628.823,11.8746,2.0885,0,0
"59","DOBA5","T",76,1137.585,282133.7355,56426747.11,49602.22499,4.695501158,"Urban",81.76,628.823,11.8746,2.0885,0,0
"60","DOBA7","T",94,7.034,0,0,0,0,"Green space",2.989,2.317,20.2996,2.6542,0,0
"61","DOBA7","T",87,4.814,0,0,0,0,"Green space",2.989,2.317,20.2996,2.6542,0,0
"62","DOBA7","T",91,6.075,47.58033459,9516.066918,1566.430768,3.194911205,"Green space",2.989,2.317,20.2996,2.6542,0,0
"63","DOBA7","T",89,84.54,0,0,0,0,"Green space",2.989,2.317,20.2996,2.6542,0,0
"64","DOBA7","T",97,4.528,1691.224648,338244.9296,74700.73533,4.873324877,"Green space",2.989,2.317,20.2996,2.6542,0,0
"84","ET5","T",154,147.441,17440650.52,3488130104,23657802.81,7.373974408,"Green space",15.443,17.685,7.3589,0.905,1,0
"85","ET5","T",156,80.072,0,0,0,0,"Green space",15.443,17.685,7.3589,0.905,1,0
"86","ET5","T",157,180.376,0,0,0,0,"Green space",15.443,17.685,7.3589,0.905,1,0
"87","ET5","T",155,218.243,0,0,0,0,"Green space",15.443,17.685,7.3589,0.905,1,0
"88","HPC","T",276,132.173,2.346850233,469.3700466,3.551179489,0.550372624,"Urban",50.793,20.766,6.6374,1.359,1,0
"89","HPC","T",281,266.925,7.422105828,1484.421166,5.561191967,0.745167887,"Urban",50.793,20.766,6.6374,1.359,1,0
"90","HPC","T",284,186.899,52371.88066,10474376.13,56042.97579,4.748521188,"Urban",50.793,20.766,6.6374,1.359,1,0
"91","HPC","T",277,232.848,0,0,0,0,"Urban",50.793,20.766,6.6374,1.359,1,0
"92","HPC","T",278,207.88,0,0,0,0,"Urban",50.793,20.766,6.6374,1.359,1,0
"93","KP","T",262,578.846,456.6713867,91334.27734,157.7868334,2.19807076,"Green space",468.599,197.139,4.2616,0.5962,0,0
"95","KP","T",273,157.672,0,0,0,0,"Green space",468.599,197.139,4.2616,0.5962,0,0
"98","KP","T",275,348.389,0,0,0,0,"Green space",468.599,197.139,4.2616,0.5962,0,0
"100","KP","T",272,78.582,0,0,0,0,"Green space",468.599,197.139,4.2616,0.5962,0,0
"101","KP","T",274,202.245,589323.839,117864767.8,582782.1098,5.765506211,"Green space",468.599,197.139,4.2616,0.5962,0,0
"104","L60-UW","T",233,197.483,21.04943866,4209.887732,21.3177222,1.328740798,"Urban",43.346,35.774,31.9742,1.5309,0,0
"106","L60-UW","T",232,110.074,9.941035991,1988.207198,18.06245978,1.256776893,"Urban",43.346,35.774,31.9742,1.5309,0,0
"115","MCF","T",186,295.286,0,0,0,0,"Rural",103.122,99.54,2.1495,0.5753,1,0
"116","MCF","T",189,339.193,75.42966316,15085.93263,44.47595508,1.648125283,"Rural",103.122,99.54,2.1495,0.5753,1,0
"117","MCF","T",190,47.991,48084737.78,9616947555,200390647.3,8.301877448,"Rural",103.122,99.54,2.1495,0.5753,1,0
"121","MCF","T",187,128.931,8866.970747,1773394.149,13754.59858,4.13844792,"Rural",103.122,99.54,2.1495,0.5753,1,0
"123","MCF","T",184,339.182,7.364265418,1472.853084,4.342368061,0.637726632,"Rural",103.122,99.54,2.1495,0.5753,1,0
"130","ODP-UW","T",225,484.03,0,0,0,0,"Urban",7.817,39.167,50.9272,16.5188,0,0
"132","ODP-UW","T",228,154.35,18585.23053,3717046.106,24081.93136,4.381691314,"Urban",7.817,39.167,50.9272,16.5188,0,0
"133","ODP-UW","T",222,9.383,25060176.74,5012035348,534161286.2,8.727672409,"Urban",7.817,39.167,50.9272,16.5188,0,0
"134","ODP-UW","T",220,73.905,0,0,0,0,"Urban",7.817,39.167,50.9272,16.5188,0,0
"135","OPPE","T",288,155.332,199090.4601,39818092.02,256341.8486,5.408819512,"Green space",10.768,9.515,4.3652,0.5723,1,0
"136","OPPE","T",286,28.638,4177.184887,835436.9774,29172.3227,4.464971009,"Green space",10.768,9.515,4.3652,0.5723,1,0
"137","OPPE","T",290,50.943,0,0,0,0,"Green space",10.768,9.515,4.3652,0.5723,1,0
"138","OPPE","T",289,113.079,0,0,0,0,"Green space",10.768,9.515,4.3652,0.5723,1,0
"139","OPPE","T",287,114.967,0,0,0,0,"Green space",10.768,9.515,4.3652,0.5723,1,0
"140","OPPW","T",293,304.744,144.8784219,28975.68438,95.08205043,1.978098539,"Green space",28.575,21.061,3.1932,0.5734,1,0
"141","OPPW","T",295,195.82,1046.975046,209395.0091,1069.323915,3.02910928,"Green space",28.575,21.061,3.1932,0.5734,1,0
"142","OPPW","T",292,269.507,41056689,8211337800,30467994.52,7.483843869,"Green space",28.575,21.061,3.1932,0.5734,1,0
"143","OPPW","T",294,182.341,18.04498504,3608.997009,19.79257001,1.29650219,"Green space",28.575,21.061,3.1932,0.5734,1,0
"144","OPPW","T",291,171.107,13761289.75,2752257949,16085010.84,7.206421358,"Green space",28.575,21.061,3.1932,0.5734,1,0
