ind,susc,pop,NaCl,sample_day
23,Tolerant,RR G,0 g/L,Tuesday
24,Tolerant,RR G,0 g/L,Tuesday
25,Tolerant,RR G,0 g/L,Tuesday
26,Tolerant,RR G,0 g/L,Tuesday
45,Susceptible,RR A,0 g/L,Tuesday
46,Susceptible,RR A,0 g/L,Tuesday
47,Susceptible,RR A,0 g/L,Tuesday
48,Susceptible,RR A,0 g/L,Tuesday
67,Susceptible,RR D,0 g/L,Tuesday
68,Susceptible,RR D,0 g/L,Tuesday
69,Susceptible,RR D,0 g/L,Tuesday
70,Susceptible,RR D,0 g/L,Tuesday
111,Tolerant,RR G,0.25 g/L,Tuesday
112,Tolerant,RR G,0.25 g/L,Tuesday
113,Tolerant,RR G,0.25 g/L,Tuesday
114,Tolerant,RR G,0.25 g/L,Tuesday
133,Susceptible,RR A,0.25 g/L,Tuesday
134,Susceptible,RR A,0.25 g/L,Tuesday
135,Susceptible,RR A,0.25 g/L,Tuesday
136,Susceptible,RR A,0.25 g/L,Tuesday
155,Susceptible,RR D,0.25 g/L,Tuesday
156,Susceptible,RR D,0.25 g/L,Tuesday
157,Susceptible,RR D,0.25 g/L,Tuesday
158,Susceptible,RR D,0.25 g/L,Tuesday
199,Tolerant,RR G,0.5 g/L,Tuesday
200,Tolerant,RR G,0.5 g/L,Tuesday
201,Tolerant,RR G,0.5 g/L,Tuesday
202,Tolerant,RR G,0.5 g/L,Tuesday
221,Susceptible,RR A,0.5 g/L,Tuesday
222,Susceptible,RR A,0.5 g/L,Tuesday
223,Susceptible,RR A,0.5 g/L,Tuesday
224,Susceptible,RR A,0.5 g/L,Tuesday
243,Susceptible,RR D,0.5 g/L,Tuesday
244,Susceptible,RR D,0.5 g/L,Tuesday
245,Susceptible,RR D,0.5 g/L,Tuesday
246,Susceptible,RR D,0.5 g/L,Tuesday
288,Tolerant,RR G,0.75 g/L,Tuesday
289,Tolerant,RR G,0.75 g/L,Tuesday
290,Tolerant,RR G,0.75 g/L,Tuesday
291,Tolerant,RR G,0.75 g/L,Tuesday
310,Susceptible,RR A,0.75 g/L,Tuesday
311,Susceptible,RR A,0.75 g/L,Tuesday
312,Susceptible,RR A,0.75 g/L,Tuesday
313,Susceptible,RR A,0.75 g/L,Tuesday
332,Susceptible,RR D,0.75 g/L,Tuesday
333,Susceptible,RR D,0.75 g/L,Tuesday
334,Susceptible,RR D,0.75 g/L,Tuesday
335,Susceptible,RR D,0.75 g/L,Tuesday
375,Tolerant,RR G,1 g/L,Tuesday
377,Tolerant,RR G,1 g/L,Tuesday
378,Tolerant,RR G,1 g/L,Tuesday
379,Tolerant,RR G,1 g/L,Tuesday
397,Susceptible,RR A,1 g/L,Tuesday
399,Susceptible,RR A,1 g/L,Tuesday
400,Susceptible,RR A,1 g/L,Tuesday
401,Susceptible,RR A,1 g/L,Tuesday
419,Susceptible,RR D,1 g/L,Tuesday
420,Susceptible,RR D,1 g/L,Tuesday
422,Susceptible,RR D,1 g/L,Tuesday
423,Susceptible,RR D,1 g/L,Tuesday
28,Tolerant,RR G,0 g/L,Wednesday
29,Tolerant,RR G,0 g/L,Wednesday
30,Tolerant,RR G,0 g/L,Wednesday
31,Tolerant,RR G,0 g/L,Wednesday
50,Susceptible,RR A,0 g/L,Wednesday
51,Susceptible,RR A,0 g/L,Wednesday
52,Susceptible,RR A,0 g/L,Wednesday
53,Susceptible,RR A,0 g/L,Wednesday
72,Susceptible,RR D,0 g/L,Wednesday
73,Susceptible,RR D,0 g/L,Wednesday
74,Susceptible,RR D,0 g/L,Wednesday
75,Susceptible,RR D,0 g/L,Wednesday
116,Tolerant,RR G,0.25 g/L,Wednesday
117,Tolerant,RR G,0.25 g/L,Wednesday
118,Tolerant,RR G,0.25 g/L,Wednesday
119,Tolerant,RR G,0.25 g/L,Wednesday
138,Susceptible,RR A,0.25 g/L,Wednesday
139,Susceptible,RR A,0.25 g/L,Wednesday
140,Susceptible,RR A,0.25 g/L,Wednesday
141,Susceptible,RR A,0.25 g/L,Wednesday
160,Susceptible,RR D,0.25 g/L,Wednesday
161,Susceptible,RR D,0.25 g/L,Wednesday
162,Susceptible,RR D,0.25 g/L,Wednesday
163,Susceptible,RR D,0.25 g/L,Wednesday
204,Tolerant,RR G,0.5 g/L,Wednesday
205,Tolerant,RR G,0.5 g/L,Wednesday
206,Tolerant,RR G,0.5 g/L,Wednesday
207,Tolerant,RR G,0.5 g/L,Wednesday
226,Susceptible,RR A,0.5 g/L,Wednesday
227,Susceptible,RR A,0.5 g/L,Wednesday
228,Susceptible,RR A,0.5 g/L,Wednesday
229,Susceptible,RR A,0.5 g/L,Wednesday
248,Susceptible,RR D,0.5 g/L,Wednesday
249,Susceptible,RR D,0.5 g/L,Wednesday
250,Susceptible,RR D,0.5 g/L,Wednesday
251,Susceptible,RR D,0.5 g/L,Wednesday
293,Tolerant,RR G,0.75 g/L,Wednesday
294,Tolerant,RR G,0.75 g/L,Wednesday
295,Tolerant,RR G,0.75 g/L,Wednesday
296,Tolerant,RR G,0.75 g/L,Wednesday
315,Susceptible,RR A,0.75 g/L,Wednesday
316,Susceptible,RR A,0.75 g/L,Wednesday
317,Susceptible,RR A,0.75 g/L,Wednesday
318,Susceptible,RR A,0.75 g/L,Wednesday
337,Susceptible,RR D,0.75 g/L,Wednesday
338,Susceptible,RR D,0.75 g/L,Wednesday
339,Susceptible,RR D,0.75 g/L,Wednesday
340,Susceptible,RR D,0.75 g/L,Wednesday
380,Tolerant,RR G,1 g/L,Wednesday
381,Tolerant,RR G,1 g/L,Wednesday
383,Tolerant,RR G,1 g/L,Wednesday
384,Tolerant,RR G,1 g/L,Wednesday
402,Susceptible,RR A,1 g/L,Wednesday
403,Susceptible,RR A,1 g/L,Wednesday
405,Susceptible,RR A,1 g/L,Wednesday
406,Susceptible,RR A,1 g/L,Wednesday
424,Susceptible,RR D,1 g/L,Wednesday
426,Susceptible,RR D,1 g/L,Wednesday
427,Susceptible,RR D,1 g/L,Wednesday
428,Susceptible,RR D,1 g/L,Wednesday
33,Tolerant,RR G,0 g/L,Thursday
34,Tolerant,RR G,0 g/L,Thursday
35,Tolerant,RR G,0 g/L,Thursday
36,Tolerant,RR G,0 g/L,Thursday
55,Susceptible,RR A,0 g/L,Thursday
56,Susceptible,RR A,0 g/L,Thursday
57,Susceptible,RR A,0 g/L,Thursday
58,Susceptible,RR A,0 g/L,Thursday
77,Susceptible,RR D,0 g/L,Thursday
78,Susceptible,RR D,0 g/L,Thursday
79,Susceptible,RR D,0 g/L,Thursday
80,Susceptible,RR D,0 g/L,Thursday
121,Tolerant,RR G,0.25 g/L,Thursday
122,Tolerant,RR G,0.25 g/L,Thursday
123,Tolerant,RR G,0.25 g/L,Thursday
124,Tolerant,RR G,0.25 g/L,Thursday
143,Susceptible,RR A,0.25 g/L,Thursday
144,Susceptible,RR A,0.25 g/L,Thursday
145,Susceptible,RR A,0.25 g/L,Thursday
146,Susceptible,RR A,0.25 g/L,Thursday
165,Susceptible,RR D,0.25 g/L,Thursday
166,Susceptible,RR D,0.25 g/L,Thursday
167,Susceptible,RR D,0.25 g/L,Thursday
168,Susceptible,RR D,0.25 g/L,Thursday
209,Tolerant,RR G,0.5 g/L,Thursday
210,Tolerant,RR G,0.5 g/L,Thursday
211,Tolerant,RR G,0.5 g/L,Thursday
212,Tolerant,RR G,0.5 g/L,Thursday
231,Susceptible,RR A,0.5 g/L,Thursday
232,Susceptible,RR A,0.5 g/L,Thursday
233,Susceptible,RR A,0.5 g/L,Thursday
234,Susceptible,RR A,0.5 g/L,Thursday
253,Susceptible,RR D,0.5 g/L,Thursday
254,Susceptible,RR D,0.5 g/L,Thursday
255,Susceptible,RR D,0.5 g/L,Thursday
256,Susceptible,RR D,0.5 g/L,Thursday
298,Tolerant,RR G,0.75 g/L,Thursday
299,Tolerant,RR G,0.75 g/L,Thursday
300,Tolerant,RR G,0.75 g/L,Thursday
301,Tolerant,RR G,0.75 g/L,Thursday
320,Susceptible,RR A,0.75 g/L,Thursday
322,Susceptible,RR A,0.75 g/L,Thursday
323,Susceptible,RR A,0.75 g/L,Thursday
324,Susceptible,RR A,0.75 g/L,Thursday
341,Susceptible,RR D,0.75 g/L,Thursday
343,Susceptible,RR D,0.75 g/L,Thursday
345,Susceptible,RR D,0.75 g/L,Thursday
346,Susceptible,RR D,0.75 g/L,Thursday
385,Tolerant,RR G,1 g/L,Thursday
386,Tolerant,RR G,1 g/L,Thursday
387,Tolerant,RR G,1 g/L,Thursday
389,Tolerant,RR G,1 g/L,Thursday
407,Susceptible,RR A,1 g/L,Thursday
408,Susceptible,RR A,1 g/L,Thursday
410,Susceptible,RR A,1 g/L,Thursday
411,Susceptible,RR A,1 g/L,Thursday
429,Susceptible,RR D,1 g/L,Thursday
431,Susceptible,RR D,1 g/L,Thursday
433,Susceptible,RR D,1 g/L,Thursday
434,Susceptible,RR D,1 g/L,Thursday
39,Tolerant,RR G,0 g/L,Friday
40,Tolerant,RR G,0 g/L,Friday
41,Tolerant,RR G,0 g/L,Friday
42,Tolerant,RR G,0 g/L,Friday
61,Susceptible,RR A,0 g/L,Friday
62,Susceptible,RR A,0 g/L,Friday
63,Susceptible,RR A,0 g/L,Friday
64,Susceptible,RR A,0 g/L,Friday
83,Susceptible,RR D,0 g/L,Friday
84,Susceptible,RR D,0 g/L,Friday
85,Susceptible,RR D,0 g/L,Friday
86,Susceptible,RR D,0 g/L,Friday
127,Tolerant,RR G,0.25 g/L,Friday
128,Tolerant,RR G,0.25 g/L,Friday
129,Tolerant,RR G,0.25 g/L,Friday
130,Tolerant,RR G,0.25 g/L,Friday
149,Susceptible,RR A,0.25 g/L,Friday
150,Susceptible,RR A,0.25 g/L,Friday
151,Susceptible,RR A,0.25 g/L,Friday
152,Susceptible,RR A,0.25 g/L,Friday
171,Susceptible,RR D,0.25 g/L,Friday
172,Susceptible,RR D,0.25 g/L,Friday
173,Susceptible,RR D,0.25 g/L,Friday
174,Susceptible,RR D,0.25 g/L,Friday
215,Tolerant,RR G,0.5 g/L,Friday
216,Tolerant,RR G,0.5 g/L,Friday
217,Tolerant,RR G,0.5 g/L,Friday
218,Tolerant,RR G,0.5 g/L,Friday
237,Susceptible,RR A,0.5 g/L,Friday
238,Susceptible,RR A,0.5 g/L,Friday
239,Susceptible,RR A,0.5 g/L,Friday
240,Susceptible,RR A,0.5 g/L,Friday
259,Susceptible,RR D,0.5 g/L,Friday
260,Susceptible,RR D,0.5 g/L,Friday
261,Susceptible,RR D,0.5 g/L,Friday
262,Susceptible,RR D,0.5 g/L,Friday
304,Tolerant,RR G,0.75 g/L,Friday
305,Tolerant,RR G,0.75 g/L,Friday
306,Tolerant,RR G,0.75 g/L,Friday
308,Tolerant,RR G,0.75 g/L,Friday
326,Susceptible,RR A,0.75 g/L,Friday
327,Susceptible,RR A,0.75 g/L,Friday
329,Susceptible,RR A,0.75 g/L,Friday
330,Susceptible,RR A,0.75 g/L,Friday
347,Susceptible,RR D,0.75 g/L,Friday
349,Susceptible,RR D,0.75 g/L,Friday
350,Susceptible,RR D,0.75 g/L,Friday
351,Susceptible,RR D,0.75 g/L,Friday
391,Tolerant,RR G,1 g/L,Friday
392,Tolerant,RR G,1 g/L,Friday
393,Tolerant,RR G,1 g/L,Friday
395,Tolerant,RR G,1 g/L,Friday
413,Susceptible,RR A,1 g/L,Friday
414,Susceptible,RR A,1 g/L,Friday
415,Susceptible,RR A,1 g/L,Friday
417,Susceptible,RR A,1 g/L,Friday
435,Susceptible,RR D,1 g/L,Friday
437,Susceptible,RR D,1 g/L,Friday
438,Susceptible,RR D,1 g/L,Friday
440,Susceptible,RR D,1 g/L,Friday