ind,susc,pop,nacl,FV3,mass_g,stage,svl_mm,ng/uL,260/280,260/230,Cq1,Cq2,SQ1,SQ2,notes
1,Tolerant,SEWC,0 g/L,RV,0.2141,37,10.17,120.1,1.92,1.21,25.38998958,25.18510819,86978.29964,99692.60922,
2,Tolerant,SEWC,0 g/L,RV,0.2352,35,10.44,162.6,1.83,0.93,30.10747894,29.64636843,3759.281894,5110.44647,
3,Tolerant,SEWC,0 g/L,RV,0.2346,37,10.94,188.5,1.84,0.9,27.89616116,28.07874127,16391.61672,14515.07585,
4,Tolerant,SEWC,0 g/L,RV,0.1183,31,8.74,57.3,1.84,0.83,NA,27.60761258,NA,19864.17522,
5,Tolerant,SEWC,0 g/L,RV,0.2202,37,10.79,497.8,1.66,0.66,27.65478739,27.4118308,19249.8567,22630.33396,
6,Tolerant,RRG,0 g/L,RV,0.199,34,10.61,178.5,1.81,0.86,26.30065404,26.59717055,47429.13351,38930.69046,
7,Tolerant,RRG,0 g/L,RV,0.1763,36,11.11,121,1.79,0.84,26.07598864,25.9153615,55083.15532,61301.69085,
8,Tolerant,RRG,0 g/L,RV,0.1313,32,9.54,83.4,1.91,1.08,25.8212665,25.97121455,65265.68309,59063.56482,
9,Tolerant,RRG,0 g/L,RV,0.1579,34,9.47,99.5,1.88,1.02,24.49098713,24.5742648,158271.9547,149733.8255,
10,Tolerant,RRG,0 g/L,RV,0.1392,31,9.39,92.6,1.91,1.08,28.09311335,27.51359927,14376.82152,21147.51525,
11,Tolerant,SEWC,0 g/L,CTRL,0.1341,29,9.09,56.299,1.949,1.096,NA,37.06599673,NA,20.09072144,
12,Tolerant,SEWC,0 g/L,CTRL,0.1197,30,8.77,61.9,1.82,0.74,33.28,33.24182592,453.3896915,466.2795494,
13,Tolerant,SEWC,0 g/L,CTRL,0.1004,28,8.36,67.381,2.055,1.462,36.13745068,36.62367005,34.61119194,26.03292225,
14,Tolerant,RRG,0 g/L,CTRL,0.1183,34,10.5,52.542,1.93,0.847,36.19556304,36.12829916,33.4528281,34.79723138,
15,Tolerant,RRG,0 g/L,CTRL,0.1489,34,9.56,77.833,2.027,1.142,36.10541226,33.92712165,35.26688428,126.3344121,
16,Tolerant,SEWC,0.25 g/L,RV,0.0997,26,8.27,9.4,1.78,0.33,28.38120722,28.77008525,9159.704119,11867.12828,
17,Tolerant,SEWC,0.25 g/L,RV,0.1438,31,9.21,53.5,1.82,0.85,31.50556081,31.901682,1138.199234,1481.757784,
18,Tolerant,SEWC,0.25 g/L,RV,0.2132,37,10.53,75.8,1.83,0.86,35.66233869,34.69059951,177.6881882,93.03147744,
19,Tolerant,SEWC,0.25 g/L,RV,0.1842,35,10,100.8,1.77,0.8,27.46203986,28.00601488,15235.3315,21886.20267,
20,Tolerant,SEWC,0.25 g/L,RV,0.2116,36,9.71,168.9,1.83,0.88,31.14050006,30.77712705,2406.808366,1889.528358,
21,Tolerant,RRG,0.25 g/L,RV,0.1643,34,9.69,104.1,1.8,0.82,29.22383866,29.17650673,6987.851317,6771.036867,
22,Tolerant,RRG,0.25 g/L,RV,0.1287,35,9.68,385.8,1.69,0.67,29.1942171,28.9992004,7863.591615,6905.923853,
23,Tolerant,RRG,0.25 g/L,RV,0.1575,36,9.78,82.8,1.76,0.79,26.31681489,26.2738145,48284.4434,46921.45196,
24,Tolerant,RRG,0.25 g/L,RV,0.1384,35,9.56,364.3,1.65,0.74,29.67090144,29.70175188,4925.403979,5027.636322,
25,Tolerant,RRG,0.25 g/L,RV,0.2,36,10.32,58.5,1.85,0.9,26.68870484,26.88895837,32055.79615,36628.59264,
26,Tolerant,SEWC,0.25 g/L,CTRL,0.1785,33,9.49,59.663,1.927,0.94,30.45236425,31.0406748,967.1545107,685.2205005,
27,Tolerant,SEWC,0.25 g/L,CTRL,0.2234,35,10.84,86.146,1.922,0.933,29.58604986,29.9050381,1606.516621,1332.707956,
28,Tolerant,SEWC,0.25 g/L,CTRL,0.1986,35,9.98,104.218,1.866,0.864,33.24904212,33.51077721,187.9421968,161.2275298,
29,Tolerant,RRG,0.25 g/L,CTRL,0.1611,34,9.73,66.441,1.885,0.874,30.88960265,31.72976944,748.6225859,457.6415853,
30,Tolerant,RRG,0.25 g/L,CTRL,0.1573,39,10.06,100.106,1.827,0.861,36.25156817,34.91697133,32.37316806,70.74651789,
31,Tolerant,SEWC,0.5 g/L,RV,0. 1497,34,9.67,964.6,1.5,0.64,25.90827762,26.16399332,61591.54871,51947.86524,
32,Tolerant,SEWC,0.5 g/L,RV,0.146,31,9.25,67.6,1.83,0.95,22.03043632,21.71380656,814703.3142,1005933.689,
33,Tolerant,SEWC,0.5 g/L,RV,0.2431,35,11.06,1577.1,1.55,0.61,31.68440037,32.25725574,1315.39598,898.2262697,
34,Tolerant,SEWC,0.5 g/L,RV,0.2117,35,9.94,149.7,1.79,0.83,33.11443805,31.64800803,507.5597286,1347.66279,
35,Tolerant,SEWC,0.5 g/L,RV,0.1864,31,9.79,130.1,1.63,0.78,29.00929093,28.74782854,7810.930091,9296.471095,
36,Tolerant,RRG,0.5 g/L,RV,0.2139,37,10.77,146.9,1.77,0.82,27.69187595,27.24867749,18780.25244,25227.55612,
37,Tolerant,RRG,0.5 g/L,RV,0.1487,35,9.65,259.6,1.66,0.68,30.8168277,30.11396807,2344.013001,3743.072401,
38,Tolerant,RRG,0.5 g/L,RV,0.1248,33,9.61,101.3,1.8,0.94,29.1469578,28.9805306,7126.712763,7961.965415,
39,Tolerant,RRG,0.5 g/L,RV,0.1474,35,9.46,101.7,1.78,0.82,31.68850647,32.55537866,3375.129378,1913.859731,
40,Tolerant,RRG,0.5 g/L,RV,0.1332,33,9.66,97,1.85,1.08,34.65330333,35.22299935,484.8897636,333.9837874,
41,Tolerant,SEWC,0.5 g/L,CTRL,0.2043,39,9.82,64.751,1.983,1.068,32.22449182,31.61149453,342.5063987,490.4722934,
42,Tolerant,SEWC,0.5 g/L,CTRL,0.3031,38,11.44,141.4,1.85,0.97,33.29624854,33.69100564,449.6838102,345.7345802,
43,Tolerant,SEWC,0.5 g/L,CTRL,0.2341,41,10.5,139.995,1.881,0.988,30.92484534,31.30184092,733.3262416,588.0171508,
44,Tolerant,RRG,0.5 g/L,CTRL,0.1584,34,9.95,78.811,1.957,0.995,28.70824407,28.1057368,2686.568912,3823.623537,
45,Tolerant,RRG,0.5 g/L,CTRL,NA,NA,NA,NA,NA,NA,NA,NA,NA,NA,no sample
46,Tolerant,SEWC,0.75 g/L,RV,0.2061,34,10.67,110.7,1.85,0.92,32.94633125,32.19972982,1481.816757,2415.415006,
47,Tolerant,SEWC,0.75 g/L,RV,0.2583,36,11.13,814.1,1.57,0.61,31.65572955,32.25399042,3448.30922,2331.148515,
48,Tolerant,SEWC,0.75 g/L,RV,0.1409,31,9.54,111,1.85,0.94,29.44015815,29.4692343,14699.77077,14422.70128,
49,Tolerant,SEWC,0.75 g/L,RV,0.1661,34,9.66,144.6,1.75,0.83,33.70921612,33.88624564,899.4338031,801.0401799,
50,Tolerant,SEWC,0.75 g/L,RV,0.2371,36,10.49,137.5,1.93,1.16,30.8628797,30.82935193,5793.59422,5922.120746,
51,Tolerant,RRG,0.75 g/L,RV,0.1658,35,9.85,1051.9,1.54,0.61,28.1425456,28.50594306,34364.88322,27091.36704,
52,Tolerant,RRG,0.75 g/L,RV,0.1441,32,9.47,118.7,1.87,1.05,29.57255076,29.61355308,13479.76293,13122.86536,
53,Tolerant,RRG,0.75 g/L,RV,0.1794,35,10.38,120.1,1.81,0.9,28.70600337,29.07125853,23766.77541,18713.64224,
54,Tolerant,RRG,0.75 g/L,RV,0.1783,36,10.69,134.1,1.91,1.2,30.14676704,31.02907848,9257.205173,5196.506298,
55,Tolerant,RRG,0.75 g/L,RV,0.1926,34,10.16,144,1.93,1.28,21.68447286,21.26491572,2352950.148,3096408.465,
56,Tolerant,SEWC,0.75 g/L,CTRL,0.1475,29,8.87,58.276,2.046,1.081,33.89471522,NA,128.7555095,NA,
57,Tolerant,SEWC,0.75 g/L,CTRL,0.2375,40,10.86,87.75,1.888,0.89,35.42846992,37.60843005,52.43006882,14.6218099,
58,Tolerant,SEWC,0.75 g/L,CTRL,0.3104,35,11.73,112.58,1.822,0.812,34.91538275,35.6319556,70.81238162,46.53866387,
59,Tolerant,RRG,0.75 g/L,CTRL,0.1946,34,9.83,122.214,1.95,1.194,32.64061115,32.95033046,268.4160141,223.8804614,
60,Tolerant,RRG,0.75 g/L,CTRL,0.195,35,10.01,68.884,1.964,1.081,28.26479751,27.72495377,3483.455507,4779.097376,
61,Tolerant,SEWC,1.0 g/L,RV,0.1541,32,9.32,88.9,1.85,1.03,33.5403108,34.00331719,1004.558113,741.9600231,
62,Tolerant,SEWC,1.0 g/L,RV,0.176,32,9.85,489.4,1.57,0.61,38.24270892,NA,46.28825581,NA,
63,Tolerant,SEWC,1.0 g/L,RV,0.1671,35,9.76,104.8,1.75,0.72,33.6373287,31.12125256,942.7594028,4892.30997,
64,Tolerant,SEWC,1.0 g/L,RV,0.1863,35,10.16,938.2,1.58,0.63,23.9894608,24.72993674,520588.5516,320655.2299,
65,Tolerant,SEWC,1.0 g/L,RV,0.1442,32,9.02,52.4,1.71,0.62,35.27990402,33.01046046,321.7748373,1420.914195,
66,Tolerant,RRG,1.0 g/L,RV,0.1752,36,10.28,752.2,1.58,0.58,20.42943873,21.2898893,5349528.429,3046213.324,
67,Tolerant,RRG,1.0 g/L,RV,0.2094,37,10.67,128,1.8,0.87,23.67420013,23.06371813,639878.0918,954128.7108,
68,Tolerant,RRG,1.0 g/L,RV,0.1474,35,9.38,87.8,1.83,0.96,23.4837764,21.8368538,724801.3877,2129626.204,
69,Tolerant,RRG,1.0 g/L,RV,0.1359,34,9.36,80.9,1.89,1,20.22183569,21.13798772,6128016.618,3364599.81,
70,Tolerant,RRG,1.0 g/L,RV,0.1648,34,9.58,69.2,1.8,0.84,31.70590338,33.49408948,3336.92095,1035.409102,
71,Tolerant,SEWC,1.0 g/L,CTRL,0.2518,35,10.71,84.28,2.013,1.258,34.43808751,34.73730047,93.65534092,78.59829479,
72,Tolerant,SEWC,1.0 g/L,CTRL,0.215,36,10.37,93.283,1.996,1.198,35.13575472,34.0174423,62.23673922,119.8241058,
73,Tolerant,SEWC,1.0 g/L,CTRL,0.2361,35,10.43,131.642,2.008,1.489,35.04016043,36.18399311,65.82121681,33.68032061,
74,Tolerant,RRG,1.0 g/L,CTRL,0.2189,36,10.98,51.352,1.998,1.052,35.55885904,34.87528291,99.66815307,157.125908,
75,Tolerant,RRG,1.0 g/L,CTRL,0.136,31,9.24,48.34,2.035,1.253,32.12736581,30.59090313,362.5579505,891.7676858,
76,Susceptible ,RRD,0 g/L,RV,0.1925,32,10.02,123,1.96,1.24,28.88044351,29.3549781,21202.70671,15542.4769,
77,Susceptible ,RRD,0 g/L,RV,0.1936,34,9.82,106,1.91,1.09,33.12790622,33.68177509,1315.793392,915.7320751,
78,Susceptible ,RRD,0 g/L,RV,0.1839,35,8.93,91.7,1.89,1.01,26.74444922,26.91062763,85798.25446,76956.91082,
79,Susceptible ,RRD,0 g/L,RV,0.1493,32,9.35,74.4,1.96,1.09,25.30036734,25.66323213,220755.6969,174092.2202,
80,Susceptible ,RRD,0 g/L,RV,0.1332,34,9.73,83.9,1.86,1.03,23.18190307,24.26675334,883113.9108,434193.3808,
81,Susceptible ,SEWG,0 g/L,RV,0.2098,35,10.05,226.8,1.77,0.86,25.09996142,25.31659717,251692.8091,218423.3766,
82,Susceptible ,SEWG,0 g/L,RV,0.2493,35,11.07,212,1.84,0.95,27.07987645,27.34105328,68888.08838,58064.82018,
83,Susceptible ,SEWG,0 g/L,RV,0.2274,36,10.62,167.5,1.81,0.84,27.40634103,27.27476999,55636.1613,60638.99049,
84,Susceptible ,SEWG,0 g/L,RV,0.2187,36,10.92,154.1,1.81,0.88,32.19305692,31.69273397,2425.98613,3365.804565,
85,Susceptible ,SEWG,0 g/L,RV,0.2872,37,11.06,118.6,1.85,0.94,32.22339336,30.33132792,2378.297428,8203.977111,
86,Susceptible ,RRD,0 g/L,CTRL,0.1676,31,9.8,51.352,1.998,1.052,33.67035351,33.22859842,146.8395943,190.2064107,
87,Susceptible ,RRD,0 g/L,CTRL,0.1916,35,9.55,116.093,1.932,1.128,30.123048,29.4704094,1172.933869,1719.111396,
88,Susceptible ,RRD,0 g/L,CTRL,0.1596,32,9.95,40,1.971,0.817,38.75158642,38.76494591,7.484856839,7.426511527,
89,Susceptible ,SEWG,0 g/L,CTRL,0.2321,36,10.29,97.043,1.768,0.643,35.06238356,36.29927637,64.96992517,31.48098341,
90,Susceptible ,SEWG,0 g/L,CTRL,0.2198,36,10.23,186.5,1.73,0.73,35.14742268,35.08977337,131.0824391,136.2124465,
91,Susceptible ,RRD,0.25 g/L,RV,0.1921,34,10.04,115.9,1.99,1.37,24.06220456,24.04089282,496386.0382,503357.7141,
92,Susceptible ,RRD,0.25 g/L,RV,0.0953,31,7.37,55.3,1.92,1.03,30.31223033,30.21934325,8307.154925,8827.799332,
93,Susceptible ,RRD,0.25 g/L,RV,0.1918,35,10.28,124.6,1.92,1.19,28.45724128,28.63579346,27968.73503,24884.28427,
94,Susceptible ,RRD,0.25 g/L,RV,0.1662,32,10.14,106.7,1.96,1.32,30.46508145,31.22622815,7516.390466,4567.494726,
95,Susceptible ,RRD,0.25 g/L,RV,0.1386,31,9,89.1,1.92,1.12,29.26112667,27.67375581,1749.011428,4563.738038,
96,Susceptible ,SEWG,0.25 g/L,RV,0.131,32,9.37,148,1.86,1.04,27.44041022,26.66685274,5254.735678,8385.583877,
97,Susceptible ,SEWG,0.25 g/L,RV,0.17,32,9.59,116.3,1.78,0.79,27.14658867,24.10495971,6275.52422,39425.49731,
98,Susceptible ,SEWG,0.25 g/L,RV,0.2894,35,10.61,131,1.78,0.81,32.18527319,28.86050191,298.877357,2228.00969,
99,Susceptible ,SEWG,0.25 g/L,RV,0.1673,34,9.92,158.6,1.91,1.11,26.37841578,28.43404298,9982.044922,2882.839207,
100,Susceptible ,SEWG,0.25 g/L,RV,0.2808,36,10.71,172.5,1.77,0.81,26.08626699,26.17075356,11909.12136,11316.45345,
101,Susceptible ,RRD,0.25 g/L,CTRL,0.0963,33,8.59,20.919,1.932,0.664,34.9332391,35.02283161,70.07555811,66.49275637,
102,Susceptible ,RRD,0.25 g/L,CTRL,0.1407,28,9.58,38.7,1.73,0.71,29.2315052,29.48471922,6736.557243,5691.255398,
103,Susceptible ,RRD,0.25 g/L,CTRL,0.1249,33,9.02,28.163,1.959,0.671,35.12903468,35.48380801,62.48221255,50.75776407,
104,Susceptible ,SEWG,0.25 g/L,CTRL,0.3233,36,11.06,117.452,1.849,0.956,31.76329663,32.09515467,448.7414692,369.463814,
105,Susceptible ,SEWG,0.25 g/L,CTRL,0.2799,36,11.55,76.863,1.843,0.847,34.5602483,34.46504361,87.18765288,92.1881177,
106,Susceptible ,RRD,0.5 g/L,RV,0.1573,35,9.45,86.9,1.85,0.94,33.54051147,33.06715112,131.7882913,175.4232548,
107,Susceptible ,RRD,0.5 g/L,RV,0.2258,36,10.4,161.9,1.8,0.92,34.22996941,34.2310827,86.88848342,86.83005782,
108,Susceptible ,RRD,0.5 g/L,RV,0.1571,36,9.36,95.8,1.77,0.87,35.08885562,31.51468917,51.71177242,448.1826952,
109,Susceptible ,RRD,0.5 g/L,RV,0.142,32,9.52,47.9,1.82,0.84,32.50033823,34.19227107,247.0697408,88.89028728,
110,Susceptible ,RRD,0.5 g/L,RV,0.1713,35,10.3,70.5,1.9,1.23,28.73897392,26.7863076,2397.762529,7801.681302,
111,Susceptible ,SEWG,0.5 g/L,RV,0.1844,35,9.62,1204.5,1.56,0.59,33.50702564,33.08278125,134.4818114,173.7743996,
112,Susceptible ,SEWG,0.5 g/L,RV,0.2059,,10.29,153.3,1.79,0.84,32.16552593,33.05530338,302.4647161,176.6835123,
113,Susceptible ,SEWG,0.5 g/L,RV,0.2941,37,11.48,162.5,1.71,0.69,29.25564101,29.57994975,1754.818036,1442.557323,
114,Susceptible ,SEWG,0.5 g/L,RV,0.2276,35,10.7,127.3,1.72,0.65,30.01343219,30.26964027,1110.163014,950.9494718,
115,Susceptible ,SEWG,0.5 g/L,RV,0.267,39,10.41,150.6,1.75,0.77,34.36020179,35.52954423,80.313598,39.62344134,
116,Susceptible ,RRD,0.5 g/L,CTRL,0.1796,34,9.92,58.489,1.964,0.925,35.70577264,35.15455599,44.56921071,61.55506736,
117,Susceptible ,RRD,0.5 g/L,CTRL,0.2328,35,10.61,43.903,1.936,0.883,NA,35.6609195,NA,45.75573418,
118,Susceptible ,RRD,0.5 g/L,CTRL,0.1906,34,9.53,61.536,1.979,1.078,36.1063743,36.2699092,35.24701569,32.02722153,
119,Susceptible ,SEWG,0.5 g/L,CTRL,0.277,36,11.12,87.101,1.85,0.784,38.63630713,NA,8.007748286,NA,
120,Susceptible ,SEWG,0.5 g/L,CTRL,0.1915,35,10.69,56.705,1.928,0.97,38.47251685,36.73790744,8.814110036,24.34787489,
121,Susceptible ,RRD,0.75 g/L,RV,0.2838,34,10.93,156.4,1.93,1.3,26.55899419,24.84058327,8950.25735,25278.34615,
122,Susceptible ,RRD,0.75 g/L,RV,0.1436,33,9.36,122.2,1.96,1.46,28.86077479,27.95573312,2227.642377,3848.836972,
123,Susceptible ,RRD,0.75 g/L,RV,0.1331,,9.87,83.4,1.91,1.16,28.42655036,28.30383753,2895.919563,3118.792562,
124,Susceptible ,RRD,0.75 g/L,RV,0.1307,34,9.21,1318,1.5,0.67,31.27163581,31.57460339,519.0779512,432.248523,
125,Susceptible ,RRD,0.75 g/L,RV,0.1769,35,10.12,68.8,1.85,0.96,30.64854776,29.11410966,756.365394,1911.48146,
126,Susceptible ,SEWG,0.75 g/L,RV,0.1451,34,9.36,111,1.76,0.73,27.80793545,26.64577685,4208.349541,8493.049352,
127,Susceptible ,SEWG,0.75 g/L,RV,0.2126,37,10.35,137.4,1.87,1.06,23.94051644,20.18979479,43543.89731,419876.1981,
128,Susceptible ,SEWG,0.75 g/L,RV,0.2948,38,11.4,198.8,1.8,0.81,26.41990421,27.33663729,9734.931627,5594.754317,
129,Susceptible ,SEWG,0.75 g/L,RV,0.2014,35,9.96,2096.9,1.51,0.59,33.38312119,35.45842232,144.935986,41.36325125,
130,Susceptible ,SEWG,0.75 g/L,RV,0.1774,35,9.61,130.5,1.8,0.89,24.17765909,24.09851058,37731.21351,39579.42137,
131,Susceptible ,RRD,0.75 g/L,CTRL,0.1489,33,9.19,56.4,1.76,0.76,34.21314177,32.60115905,244.1969056,714.3784159,
132,Susceptible ,RRD,0.75 g/L,CTRL,0.1539,31,9.26,30.353,2.054,0.889,NA,37.94776917,NA,11.98598307,
133,Susceptible ,RRD,0.75 g/L,CTRL,0.225,32,10.71,50.381,1.979,0.969,NA,NA,NA,NA,
134,Susceptible ,SEWG,0.75 g/L,CTRL,0.2596,36,10.23,106.2,1.73,0.63,0,37.2519329,0,32.27873785,
135,Susceptible ,SEWG,0.75 g/L,CTRL,0.2983,36,11.64,129.876,1.839,0.881,NA,NA,NA,NA,
136,Susceptible ,RRD,1.0 g/L,RV,0.1766,33,9.82,64.6,1.87,1.16,27.11528921,27.26968754,6395.331021,5825.708061,
137,Susceptible ,RRD,1.0 g/L,RV,0.2185,35,10.38,86,1.94,1.16,27.13968523,27.49806156,6301.754542,5074.848628,
138,Susceptible ,RRD,1.0 g/L,RV,0.1569,33,9.46,52.9,1.85,1.05,34.191175,34.01382956,88.94917373,99.00966222,
139,Susceptible ,RRD,1.0 g/L,RV,0.2292,35,10.53,88.2,1.8,0.84,32.85084371,32.59477306,199.9155119,233.3671624,
140,Susceptible ,RRD,1.0 g/L,RV,0.2334,35,10.63,90.8,1.79,0.95,25.65290981,26.04295933,15473.66446,12224.85461,
141,Susceptible ,SEWG,1.0 g/L,RV,0.2157,36,10.41,858.9,1.59,0.57,33.97436134,31.05130464,101.3990975,592.9905219,
142,Susceptible ,SEWG,1.0 g/L,RV,0.1793,35,10.44,196.1,1.82,0.89,31.70318831,33.51047179,399.9380052,134.2020891,
143,Susceptible ,SEWG,1.0 g/L,RV,0.2,35,10.87,148.8,1.85,0.98,30.39304747,30.09954702,882.6230007,1053.877463,
144,Susceptible ,SEWG,1.0 g/L,RV,0.15,34,9.4,426,1.58,0.62,26.0400521,25.94101655,12246.34707,13001.50459,
145,Susceptible ,SEWG,1.0 g/L,RV,0.2634,37,10.75,160.1,1.79,0.84,25.29134495,25.81867965,19251.6625,13998.93405,
146,Susceptible ,RRD,1.0 g/L,CTRL,0.1498,33,9.88,54.376,1.958,0.956,NA,NA,NA,NA,
147,Susceptible ,RRD,1.0 g/L,CTRL,0.1577,35,9.81,67.2,1.79,0.79,38.09738025,37.30119563,18.38280249,31.23702592,
148,Susceptible ,RRD,1.0 g/L,CTRL,0.1727,32,9.36,72.778,2.03,1.171,NA,NA,NA,NA,
149,Susceptible ,SEWG,1.0 g/L,CTRL,0.1513,34,9.05,132.48,1.848,0.868,NA,NA,NA,NA,
150,Susceptible ,SEWG,1.0 g/L,CTRL,0.1872,34,10.03,104.572,1.871,0.894,36.06966146,36.19394981,36.01322823,33.48445571,