ind,pop,NaCl,mass_g,svl_mm,stage,ng/uL ,260/280,260/230,Cq1,Cq2,SQ1,SQ2,
23,RR G,0 g/L,0.2379,9.66,36,132.20,1.89,0.91,,38.13,,1.71539,
24,RR G,0 g/L,0.1467,9.42,32,88.60,1.97,1.19,,,,,
25,RR G,0 g/L,0.1694,9.04,36,97.30,1.96,1.12,37.02,37.27,3.48082,2.98215,
26,RR G,0 g/L,0.2368,11.17,36,130.80,1.90,0.97,36.44,,5.07489,,
28,RR G,0 g/L,0.2702,11.34,35,125.50,1.88,0.95,38.15,39.70,1.69404,0.62960,
29,RR G,0 g/L,0.1533,9.41,33,68.70,2.00,1.19,34.43,36.86,18.36586,3.86301,
30,RR G,0 g/L,0.2136,10.2,32,164.80,1.94,1.28,32.89,37.01,49.13580,3.52109,
31,RR G,0 g/L,0.2418,10.95,37,145.10,1.88,0.92,18.21,36.34,591249.58957,5.38149,
33,RR G,0 g/L,0.2061,9.67,35,81.80,1.95,1.14,38.38,37.24,1.46003,3.02889,
34,RR G,0 g/L,0.1504,9.22,35,116.30,1.89,0.94,32.65,35.22,57.20188,11.07229,
35,RR G,0 g/L,0.2484,11.23,36,115.80,1.89,0.93,30.82,30.65,184.74634,206.12317,
36,RR G,0 g/L,0.2636,10.87,37,178.60,1.84,0.87,31.49,32.07,120.70965,82.82580,
39,RR G,0 g/L,0.3033,11.66,36,167.60,1.82,0.85,32.49,32.10,283.59617,356.64671,
40,RR G,0 g/L,0.2099,10.55,38,124.70,1.97,1.13,28.60,28.32,2919.26505,3460.47236,
41,RR G,0 g/L,0.1399,9.28,34,107.097,1.801,0.767,22.32,22.31,423872.23467,429021.51159,
42,RR G,0 g/L,0.1781,10.41,38,89.58,1.945,1.065,27.89,27.82,5188.53588,5497.13219,
45,RR A,0 g/L,0.1384,11.46,33,41.50,1.81,0.67,36.75,,37.00767,,
46,RR A,0 g/L,0.1115,10.74,33,34.70,1.83,0.62,37.51,,22.47098,,
47,RR A,0 g/L,0.0989,10.1,30,21.00,1.86,0.63,,38.98,,1.23951,
48,RR A,0 g/L,0.147,10.86,31,39.30,1.93,0.84,33.21,33.23,46.44575,45.79651,
50,RR A,0 g/L,0.1946,12.14,31,63.10,2.19,0.66,34.49,35.14,20.81668,13.80081,
51,RR A,0 g/L,0.1776,11.37,34,110.70,1.84,0.92,29.48,29.65,480.99524,431.19352,
52,RR A,0 g/L,0.0215,10.56,34,212.50,1.70,0.76,27.03,,2234.63968,,
53,RR A,0 g/L,0.1418,11.21,31,55.50,1.84,0.87,,19.38,,271268.49378,
55,RR A,0 g/L,0.1896,12.15,35,191.30,1.76,0.56,37.22,35.46,3.73586,11.32955,
56,RR A,0 g/L,0.1936,12.08,35,131.60,1.78,0.77,26.05,26.17,4125.16007,3823.04110,
57,RR A,0 g/L,0.1288,10.8,34,64.10,1.82,0.78,30.32,30.32,284.78540,283.45258,
58,RR A,0 g/L,0.2285,12.98,33,69.30,1.80,0.81,37.27,8.62,3.63908,230506455.72260,
61,RR A,0 g/L,0.1057,11.62,28,67.30,1.88,0.92,25.16,25.10,7227.17201,7514.46578,
62,RR A,0 g/L,0.173,12.43,36,73.80,1.82,81.00,19.33,19.31,280312.95381,283660.49147,
63,RR A,0 g/L,,10.41,30,48.30,1.91,1.04,32.51,32.39,72.04936,77.63165,
64,RR A,0 g/L,,11.51,33,83.80,1.85,0.82,32.88,32.56,56.98923,69.63690,
67,RR D,0 g/L,,12.79,35,92.40,1.92,1.25,36.99,37.44,31.59438,23.57226,
68,RR D,0 g/L,,11.1,32,54.00,1.88,1.04,37.13,36.21,28.81276,52.64859,
69,RR D,0 g/L,,12.65,35,54.40,1.79,0.97,37.88,34.91,2.48281,15.95059,
70,RR D,0 g/L,,13.73,35,89.80,1.75,0.88,36.72,36.34,37.70207,48.44027,
72,RR D,0 g/L,,11.65,34,71.50,1.91,0.97,29.81,29.61,3492.71430,3977.75614,
73,RR D,0 g/L,,12.88,36,86.50,1.78,0.80,33.07,34.19,411.39867,198.49043,
74,RR D,0 g/L,,11.27,32,49.20,1.78,0.90,37.31,36.00,25.53561,60.36105,
75,RR D,0 g/L,,12.67,33,154.80,1.78,0.92,33.31,34.69,351.76557,142.19741,
77,RR D,0 g/L,,12.16,33,59.30,1.87,0.99,24.99,24.89,82266.03577,88084.20810,
78,RR D,0 g/L,,12.32,34,43.90,1.75,0.65,38.22,36.39,14.13955,46.69727,
79,RR D,0 g/L,,13.39,37,91.70,1.89,1.12,27.99,28.32,11537.80899,9284.00238,
80,RR D,0 g/L,,12.74,35,35.80,1.78,0.87,,35.60,,78.32855,
83,RR D,0 g/L,,12.97,35,84.70,1.81,0.91,25.20,24.35,71428.53098,124882.60408,
84,RR D,0 g/L,,12.82,33,35.00,1.75,0.68,21.24,20.54,962892.67481,1519190.80377,
85,RR D,0 g/L,,13.97,36,45.90,1.79,0.80,23.61,23.58,203108.24888,206715.84720,
86,RR D,0 g/L,,14.62,37,54.10,1.73,0.73,28.21,27.56,9972.11793,15240.33292,
111,RR G,0.25 g/L,0.2325,11.17,36,155.954,1.924,1.243,33.96,33.77,43.05691,49.96560,
112,RR G,0.25 g/L,0.287,10.47,36,82.449,1.931,1.122,33.91,34.59,44.67503,26.04374,
113,RR G,0.25 g/L,0.1597,9.92,34,173.567,1.876,1.052,33.49,33.04,62.06225,88.56738,
114,RR G,0.25 g/L,0.2653,12.02,36,188.965,1.849,0.971,32.95,32.85,95.08305,102.79651,
116,RR G,0.25 g/L,0.282,11.26,38,191.812,1.882,1.09,32.30,32.18,159.07900,175.29908,
117,RR G,0.25 g/L,0.2959,12.11,37,148.647,1.821,0.96,34.59,33.09,26.15307,85.56464,
118,RR G,0.25 g/L,0.23,10.71,35,174.431,1.881,1.116,34.54,32.88,27.10542,100.78662,
119,RR G,0.25 g/L,0.2062,10.18,35,185.422,1.904,1.185,33.52,34.31,60.67309,32.56533,
121,RR G,0.25 g/L,0.2018,10.92,34,138.814,1.941,1.257,33.08,32.94,86.28097,96.00871,
122,RR G,0.25 g/L,0.2534,10.25,38,184.713,1.787,0.835,33.49,33.19,62.15927,78.71696,
123,RR G,0.25 g/L,0.1407,9.39,33,179.407,1.85,1.023,29.89,29.99,1072.85604,990.23331,
124,RR G,0.25 g/L,0.2634,11.54,36,677.147,1.78,0.901,33.14,33.05,81.86034,88.39024,
127,RR G,0.25 g/L,0.2539,11.61,38,340.497,1.775,0.851,33.50,33.96,61.63978,42.85824,
128,RR G,0.25 g/L,0.2541,10.96,35,131.001,1.858,1.149,33.35,33.24,69.26663,75.53915,
129,RR G,0.25 g/L,0.2396,10.38,36,297.182,1.761,0.815,16.29,16.76,49791480.70897,34389429.83489,
130,RR G,0.25 g/L,,11.5,34,,,,,,,,
133,RR A,0.25 g/L,0.1281,13.39,36,63.90,1.90,1.16,32.58,33.25,68.99910,45.16557,
134,RR A,0.25 g/L,0.2304,12.07,33,73.40,1.83,0.83,30.18,30.02,309.74965,342.39623,
135,RR A,0.25 g/L,0.2013,13.04,33,86.50,1.92,1.16,33.38,32.33,41.59367,80.56054,
136,RR A,0.25 g/L,0.1981,13.83,33,75.30,1.77,0.71,34.04,33.09,27.50817,50.09468,
138,RR A,0.25 g/L,0.2625,11.9,34,154.90,1.77,0.80,33.40,33.47,163.50613,156.74647,
139,RR A,0.25 g/L,0.1423,13.15,38,48.80,1.76,0.69,32.69,33.03,251.15843,204.52775,
140,RR A,0.25 g/L,0.2735,13.05,33,104.80,1.81,0.76,32.32,32.55,312.93684,272.78390,
141,RR A,0.25 g/L,0.2485,12.81,37,116.40,1.70,0.71,33.33,33.00,170.79166,207.75431,
143,RR A,0.25 g/L,0.2053,12.44,34,146.70,1.81,0.91,26.03,25.76,13732.84839,16106.20402,
144,RR A,0.25 g/L,0.1862,11.8,35,113.50,1.83,0.99,,33.30,,173.76860,
145,RR A,0.25 g/L,0.1604,12.36,34,328.00,1.72,0.85,22.41,22.27,120273.30718,130660.54911,
146,RR A,0.25 g/L,0.2215,13.29,41,209.60,1.61,0.64,32.76,,240.79037,,
149,RR A,0.25 g/L,0.2617,11.67,33,121.60,1.84,0.93,18.59,24.52,1191512.53154,33894.41763,
150,RR A,0.25 g/L,0.1872,13.83,34,75.10,1.90,1.13,19.12,19.06,869682.53811,901612.17208,
151,RR A,0.25 g/L,0.3146,13,35,194.50,1.90,1.13,18.70,19.03,1118816.49715,914193.28446,
152,RR A,0.25 g/L,0.2165,12.36,34,105.30,1.84,0.93,24.18,25.13,41629.21964,23532.04500,
155,RR D,0.25 g/L,,12.69,34,55.60,1.73,1.00,37.03,36.21,30.70040,52.59669,
156,RR D,0.25 g/L,,11.86,34,77.90,1.84,1.13,36.00,36.01,60.49776,60.06711,
157,RR D,0.25 g/L,,12.13,35,55.80,1.82,1.02,35.54,37.06,81.56246,30.20466,
158,RR D,0.25 g/L,,11.5,32,73.20,1.84,1.08,34.38,34.74,174.31783,137.87239,
160,RR D,0.25 g/L,,12.17,35,72.90,1.79,0.85,38.33,36.44,13.13502,45.38594,
161,RR D,0.25 g/L,,13,34,78.40,1.86,0.95,38.31,37.47,13.30414,23.08627,
162,RR D,0.25 g/L,,12.15,33,70.90,1.85,1.02,35.81,37.75,68.26589,19.15646,
163,RR D,0.25 g/L,,12.74,34,88.40,1.83,1.00,37.01,35.21,4.26515,13.18989,
165,RR D,0.25 g/L,,11.8,36,65.60,1.76,0.73,35.37,35.70,11.94805,9.72913,
166,RR D,0.25 g/L,0.1876,12.69,33,98.20,1.81,0.88,26.71,39.30,2739.86581,1.01723,
167,RR D,0.25 g/L,0.1791,11.92,33,71.40,1.82,0.92,,34.77,,17.40087,
168,RR D,0.25 g/L,0.161,11.18,31,65.70,1.98,0.99,36.45,36.72,6.07710,5.12419,
171,RR D,0.25 g/L,0.3006,13.52,34,147.20,1.86,0.98,28.15,26.25,1106.24217,3646.14459,
172,RR D,0.25 g/L,0.1697,11.2,31,99.30,1.93,1.13,29.06,28.02,625.73908,1200.78823,
173,RR D,0.25 g/L,0.295,14.08,37,147.90,1.78,0.80,36.45,34.67,6.05869,18.58787,
174,RR D,0.25 g/L,0.2508,12.36,35,119.90,1.83,0.79,26.44,18.44,3231.88756,488424.19648,
199,RR G,0.5 g/L,0.3327,12.31,38,292.22,1.84,1.109,30.86,33.78,495.77571,49.52101,
200,RR G,0.5 g/L,0.1845,10.54,36,112.716,1.897,1.135,32.76,32.60,110.67688,125.51092,
201,RR G,0.5 g/L,0.1987,10.18,36,161.304,1.864,1.05,33.72,33.04,52.03661,88.74470,
202,RR G,0.5 g/L,0.2464,11.5,35,150.71,1.832,0.977,33.77,33.17,49.93818,79.86503,
204,RR G,0.5 g/L,0.224,10.54,35,130.408,1.974,1.307,32.85,33.29,102.76845,72.92996,
205,RR G,0.5 g/L,0.1766,9.75,34,159.832,1.852,0.974,33.17,33.27,79.97532,73.74275,
206,RR G,0.5 g/L,0.2229,11.08,36,201.074,1.845,0.932,33.50,33.03,61.74789,89.44875,
207,RR G,0.5 g/L,0.2674,10.79,35,162.256,1.817,0.851,33.23,33.49,76.60456,62.17534,
209,RR G,0.5 g/L,0.2412,9.99,36,230.107,1.824,0.963,33.24,33.82,75.66521,47.81725,
210,RR G,0.5 g/L,0.308,11.89,35,279.309,1.75,0.783,33.65,34.08,54.88537,39.06166,
211,RR G,0.5 g/L,0.2133,10.73,34,182.527,1.863,1.018,26.70,26.62,13363.16136,14142.13803,
212,RR G,0.5 g/L,0.2219,9.61,33,141.42,1.853,0.969,33.80,33.23,48.80192,76.55441,
215,RR G,0.5 g/L,0.2551,10.91,37,180.516,1.836,0.928,19.74,19.88,3269796.66635,2916025.39734,
216,RR G,0.5 g/L,0.2286,10.58,36,1028.583,1.659,0.662,19.14,19.16,5230901.32651,5182117.49869,
217,RR G,0.5 g/L,0.2728,10.64,36,132.676,1.878,1.07,33.80,33.21,48.52227,77.47149,
218,RR G,0.5 g/L,0.1644,9.45,33,112.421,1.943,1.192,15.95,15.81,65028404.59213,72684860.10880,
221,RR A,0.5 g/L,0.183,11.52,34,180.40,1.90,1.12,33.11,32.44,195.34350,291.48359,
222,RR A,0.5 g/L,0.1753,11.33,34,121.40,2.00,1.43,34.33,33.36,93.85506,168.03645,
223,RR A,0.5 g/L,0.1514,11.24,31,63.00,1.94,0.97,32.02,31.63,375.93701,475.50958,
224,RR A,0.5 g/L,0.1733,11.64,31,35.00,1.80,0.64,35.55,36.00,45.05780,34.46797,
226,RR A,0.5 g/L,0.1817,11.24,35,59.90,1.91,0.89,36.22,34.63,30.02884,78.08891,
227,RR A,0.5 g/L,0.2055,12.22,33,76.20,1.79,0.73,34.01,34.63,113.85178,78.47664,
228,RR A,0.5 g/L,0.181,11.36,31,43.00,1.86,0.74,36.71,37.09,22.41872,17.87294,
229,RR A,0.5 g/L,0.2354,12.95,36,93.50,1.85,0.89,38.57,36.33,7.32789,28.26360,
231,RR A,0.5 g/L,0.3167,12.98,36,162.20,1.82,0.86,25.59,25.23,17817.79341,22142.92870,
232,RR A,0.5 g/L,0.2941,13.59,36,120.10,1.90,1.08,33.83,33.76,126.50294,131.91450,
233,RR A,0.5 g/L,0.2864,13.38,36,92.50,1.84,0.93,31.85,30.58,414.79777,892.37119,
234,RR A,0.5 g/L,0.2421,12.12,34,102.50,1.83,0.89,24.60,23.88,32350.98450,49899.79820,
237,RR A,0.5 g/L,0.194,10.62,31,83.60,1.88,0.97,33.43,33.19,160.60923,186.03147,
238,RR A,0.5 g/L,0.1723,10.7,29,69.00,1.81,0.76,35.16,36.05,56.76243,33.28682,
239,RR A,0.5 g/L,0.17,11.71,33,61.10,1.80,0.75,29.01,28.58,2287.48932,2958.50621,
240,RR A,0.5 g/L,0.3044,13.03,36,116.30,1.84,0.85,38.41,38.44,8.09534,7.94807,
243,RR D,0.5 g/L,0.1853,11.86,34,52.50,1.87,0.79,31.13,30.83,1176.78018,1426.76695,
244,RR D,0.5 g/L,0.1873,11.64,34,78.80,1.90,1.01,35.04,35.95,95.26850,53.15224,
245,RR D,0.5 g/L,0.1751,11.94,34,85.00,1.88,1.04,36.35,35.53,41.12541,69.56537,
246,RR D,0.5 g/L,0.151,10.48,29,69.00,1.82,0.86,34.81,35.02,110.67376,96.95587,
248,RR D,0.5 g/L,0.1744,11.53,33,52.20,1.83,0.89,35.12,34.40,90.82437,143.55749,
249,RR D,0.5 g/L,0.2535,13.09,38,105.10,1.89,0.96,29.42,29.26,3536.79320,3913.17087,
250,RR D,0.5 g/L,0.1594,10.56,31,77.60,1.82,0.83,30.61,31.37,1649.45004,1006.16871,
251,RR D,0.5 g/L,0.255,12.84,37,90.20,1.86,0.89,30.42,31.00,1856.89557,1278.26658,
253,RR D,0.5 g/L,0.1974,11.33,34,88.70,1.86,1.03,33.71,34.13,224.84006,171.36112,
254,RR D,0.5 g/L,0.211,12.39,33,191.50,1.85,0.95,32.57,32.62,465.26817,451.98872,
255,RR D,0.5 g/L,0.2815,12.71,38,174.10,1.77,0.82,34.48,37.03,137.12197,26.55760,
256,RR D,0.5 g/L,0.3454,13.7,38,212.50,1.77,0.80,35.85,35.55,56.90480,68.64190,
259,RR D,0.5 g/L,0.3115,13.26,37,207.20,1.80,0.85,23.90,22.91,122265.93859,231232.07986,
260,RR D,0.5 g/L,0.2175,12.48,35,112.30,,1.83,0.87,,42.23793,,
261,RR D,0.5 g/L,0.301,13.6,36,144.20,1.80,0.80,27.87,28.16,9540.60920,7957.29519,
262,RR D,0.5 g/L,0.2163,11.68,34,115.60,1.87,0.87,35.28,36.09,81.74052,48.65567,
288,RR G,0.75 g/L,0.184,13.16,37,159.747,1.863,0.997,33.16,32.86,80.48574,102.59197,
289,RR G,0.75 g/L,0.2997,13.03,38,105.271,1.962,1.244,33.29,33.70,73.00018,52.55765,
290,RR G,0.75 g/L,0.2097,12.08,35,116.455,1.923,1.114,34.04,33.45,40.20687,63.94510,
291,RR G,0.75 g/L,0.201,12.33,34,165.472,1.826,0.909,32.43,32.44,62.49164,61.59220,
293,RR G,0.75 g/L,0.2352,12.79,36,82.708,1.851,0.906,,,,,
294,RR G,0.75 g/L,0.1634,12.1,36,70.622,1.873,1.007,36.91,36.56,1.88079,2.47069,
295,RR G,0.75 g/L,0.1523,11.69,33,149.204,1.928,1.23,38.14,,0.71965,,
296,RR G,0.75 g/L,0.2802,13.91,35,198.396,1.882,1.041,35.16,36.36,7.37334,2.89773,
298,RR G,0.75 g/L,0.2465,13.1,36,144.733,1.868,1.004,36.78,,2.09628,,
299,RR G,0.75 g/L,0.2261,12.23,35,149.253,1.919,1.178,,35.75,,4.66349,
300,RR G,0.75 g/L,0.2472,13.58,36,87.249,1.855,0.938,29.46,27.68,633.69360,2528.59426,
301,RR G,0.75 g/L,0.1515,11.56,33,166.283,1.79,0.789,26.88,26.08,4745.29037,8871.70373,
304,RR G,0.75 g/L,0.3246,14.23,41,148.854,1.848,0.936,24.01,23.71,44624.66789,56354.97895,
305,RR G,0.75 g/L,0.2275,12.79,35,120.746,1.86,0.933,16.09,15.86,21507573.31821,25761787.60860,
306,RR G,0.75 g/L,0.1939,13.47,36,159.955,1.778,0.766,32.90,28.19,43.11956,1708.66106,
308,RR G,0.75 g/L,0.2818,13.45,38,50.016,1.89,0.99,32.42,32.42,62.83908,62.83908,
310,RR A,0.75 g/L,0.1692,9.08,31,37.30,1.95,0.92,37.17,38.01,24.23512,14.13547,
311,RR A,0.75 g/L,0.1298,10.74,33,117.20,1.88,1.00,34.18,36.10,165.97884,48.17547,
312,RR A,0.75 g/L,0.1817,10.68,32,49.00,1.85,0.84,36.31,38.19,42.32007,12.58521,
313,RR A,0.75 g/L,0.2113,9.99,31,49.30,1.86,0.77,39.01,37.94,7.44237,14.82890,
315,RR A,0.75 g/L,0.1389,9.07,33,43.10,1.89,0.87,35.74,32.48,60.92678,493.98154,
316,RR A,0.75 g/L,0.1814,9.43,33,61.40,1.83,0.81,37.22,32.09,23.56567,81.09327,
317,RR A,0.75 g/L,0.1802,9.54,31,53.00,1.85,0.88,27.58,26.62,11541.43524,21345.41235,
318,RR A,0.75 g/L,0.2436,10.7,34,376.60,1.75,0.86,,36.92,,28.51032,
320,RR A,0.75 g/L,0.2208,10.38,33,57.00,1.86,0.91,22.84,22.38,241537.04085,324934.30769,
322,RR A,0.75 g/L,0.164,9.31,29,53.30,1.83,0.78,35.57,35.58,67.72516,67.66680,
323,RR A,0.75 g/L,0.1838,9.11,33,72.10,1.77,0.79,19.34,18.66,2292412.33742,3543674.06872,
324,RR A,0.75 g/L,0.1889,9.6,32,84.30,1.85,0.90,33.10,33.40,332.58047,273.23264,
326,RR A,0.75 g/L,0.1699,9.84,33,160.70,1.78,0.88,36.44,37.26,38.93481,22.88611,
327,RR A,0.75 g/L,0.1593,9.04,33,78.50,1.88,0.93,,36.95,,28.00439,
329,RR A,0.75 g/L,0.2593,12.33,34,169.70,1.84,0.89,,36.32,,42.01755,
330,RR A,0.75 g/L,0.3004,11.64,35,177.50,1.86,0.98,36.93,38.11,28.36258,13.28497,
332,RR D,0.75 g/L,0.1851,11.04,31,91.80,1.96,1.27,37.08,36.14,17.98157,31.54974,
333,RR D,0.75 g/L,0.1688,11.54,34,114.00,1.96,1.24,37.24,36.00,16.33382,34.36884,
334,RR D,0.75 g/L,0.1579,10.29,34,86.00,1.98,1.10,36.10,37.09,32.44255,17.86485,
335,RR D,0.75 g/L,0.1876,11.48,33,113.10,1.99,1.33,,38.08,,9.87775,
337,RR D,0.75 g/L,0.2009,12.27,34,135.20,1.91,1.00,35.68,36.29,41.75263,28.94757,
338,RR D,0.75 g/L,0.1846,11.96,34,95.30,1.91,1.01,37.88,36.11,11.08767,32.25596,
339,RR D,0.75 g/L,0.1513,10.61,33,,,,,,,,
340,RR D,0.75 g/L,0.1805,11.54,33,,,,,,,,
341,RR D,0.75 g/L,0.1528,10.81,33,85.40,1.98,1.11,19.55,19.41,251234.44458,274889.00771,
343,RR D,0.75 g/L,0.1279,10.54,29,64.40,1.92,0.81,34.10,34.37,22.61549,19.05448,
345,RR D,0.75 g/L,0.3406,14.34,35,131.40,1.98,1.28,16.83,15.22,1432310.95866,4015507.50833,
346,RR D,0.75 g/L,0.2631,13.21,35,111.60,1.91,1.02,19.25,19.15,303993.55680,323477.67871,
347,RR D,0.75 g/L,0.2033,11.95,33,180.70,2.00,1.42,36.53,36.38,4.78762,5.26958,
349,RR D,0.75 g/L,0.1838,12.12,35,89.80,1.88,0.94,35.48,35.43,9.36900,9.64784,
350,RR D,0.75 g/L,0.1468,10.97,28,74.10,1.92,1.04,35.83,37.05,7.46282,3.42422,
351,RR D,0.75 g/L,0.1777,12.2,33,121.50,1.94,1.15,35.31,34.04,10.44581,23.55122,
375,RR G,1 g/L,0.1615,10.06,33,709.852,1.802,1.008,32.93,32.73,42.01782,49.19302,
377,RR G,1 g/L,0.2112,12.56,36,218.099,1.878,1.053,32.66,32.29,51.98798,69.68976,
378,RR G,1 g/L,0.2578,13.19,41,93.645,1.881,0.978,31.79,31.59,102.95644,119.64144,
379,RR G,1 g/L,0.2646,13.4,38,56.678,1.839,0.8,37.57,35.39,1.12892,6.18544,
380,RR G,1 g/L,0.2104,12.62,35,82.391,1.838,0.745,,38.50,,0.54496,
381,RR G,1 g/L,0.2413,14,38,65.202,1.897,0.956,37.08,37.13,1.65634,1.58910,
383,RR G,1 g/L,0.1868,11.52,35,78.946,1.847,0.874,,,,,
384,RR G,1 g/L,0.2127,12.84,38,79.085,1.787,0.758,,,,,
385,RR G,1 g/L,0.2241,12.7,37,19.926,1.75,0.52,,,,,
386,RR G,1 g/L,0.1005,9.85,29,80.817,1.805,0.755,,,,,
387,RR G,1 g/L,0.2352,13.5,38,210.207,1.745,0.746,,,,,
389,RR G,1 g/L,0.2733,13.89,39,192.627,1.783,0.794,32.09,,81.09327,,
391,RR G,1 g/L,0.2715,14.38,37,101.2,1.876,0.999,,,,,
392,RR G,1 g/L,0.209,12.88,35,131.72,1.774,0.741,,,,,
393,RR G,1 g/L,0.2405,12.05,39,330.677,1.715,0.749,,,,,
395,RR G,1 g/L,0.3104,13.69,39,132.10,1.89,0.90,,,,,
397,RR A,1 g/L,0.2099,10.19,35,135.50,1.95,1.15,35.93,34.68,54.02876,120.64462,
399,RR A,1 g/L,0.1775,9.83,30,62.00,1.92,0.96,,35.30,,80.91953,
400,RR A,1 g/L,0.1692,9.34,31,86.20,1.92,0.99,37.50,38.02,19.66906,14.06398,
401,RR A,1 g/L,0.1547,8.92,31,43.60,1.69,0.65,36.08,35.36,48.78229,77.67673,
402,RR A,1 g/L,0.1293,8.95,32,83.70,1.69,0.70,,,,,
403,RR A,1 g/L,0.2229,10.19,33,138.70,1.85,0.93,37.42,,23.80633,,
405,RR A,1 g/L,0.2363,10.84,35,146.10,1.81,0.85,37.56,,21.72039,,
406,RR A,1 g/L,0.2562,11.15,35,85.20,1.89,1.00,37.58,40.65,21.52017,2.86304,
407,RR A,1 g/L,0.2421,11.41,34,133.30,1.88,0.96,33.42,33.07,328.27938,412.57096,
408,RR A,1 g/L,0.206,10.56,31,473.10,1.52,0.68,37.42,37.48,23.87323,22.89511,
410,RR A,1 g/L,0.1568,9.71,31,57.20,1.84,0.80,33.75,34.05,264.16493,216.55015,
411,RR A,1 g/L,0.1446,9.75,33,105.40,1.84,0.88,31.31,31.22,1309.72481,1384.84529,
413,RR A,1 g/L,0.1379,8.73,31,49.20,1.85,0.86,38.31,,13.29102,,
414,RR A,1 g/L,0.2084,10.86,33,84.30,1.91,0.96,,37.40,,24.20785,
415,RR A,1 g/L,0.2025,10.9,34,73.00,1.81,0.77,23.22,23.30,261774.37654,248218.64145,
417,RR A,1 g/L,0.2482,11.05,34,75.60,1.81,0.77,38.44,37.32,12.18225,25.37110,
419,RR D,1 g/L,0.2281,13.34,35,161.00,1.94,1.26,,37.22,,3.07297,
420,RR D,1 g/L,0.1945,12.76,34,51.40,1.99,1.03,29.00,28.20,590.59376,988.65147,
422,RR D,1 g/L,0.235,13.12,36,99.40,2.02,1.29,,35.60,,8.68075,
423,RR D,1 g/L,0.1913,12.37,33,60.90,1.89,1.00,37.55,34.43,2.48075,18.31318,
424,RR D,1 g/L,0.1698,12.21,34,85.20,1.88,1.03,28.15,28.92,1021.76476,622.28114,
426,RR D,1 g/L,0.1313,10.52,31,41.40,1.94,0.79,,38.91,,1.03878,
427,RR D,1 g/L,0.1732,12.17,35,66.80,1.89,0.85,34.06,38.16,23.23667,1.68666,
428,RR D,1 g/L,0.1068,10.41,29,55.10,1.85,0.72,39.23,,0.84956,,
429,RR D,1 g/L,0.244,12.71,34,99.30,1.85,0.92,32.31,38.72,70.97605,1.17750,
431,RR D,1 g/L,0.2686,12.62,34,169.10,1.89,0.99,6.31,,1206107467.86668,,
433,RR D,1 g/L,0.2042,12.48,34,163.90,1.93,1.17,37.95,39.45,1.92430,0.73856,
434,RR D,1 g/L,0.1282,10.88,33,80.80,1.99,1.22,39.15,38.28,0.89415,1.55554,
435,RR D,1 g/L,0.1609,11.39,31,134.30,1.92,1.07,,35.54,,8.98216,
437,RR D,1 g/L,0.18,11.5,33,187.40,1.73,0.85,,,,,
438,RR D,1 g/L,0.1387,11.29,28,127.20,1.96,1.28,37.57,35.92,2.45921,7.06550,
440,RR D,1 g/L,0.2226,12.55,34,145.80,1.86,0.94,34.55,33.37,17.01643,36.08805,