pop,death_hr,survival,rep,FV3
BJA,164,1,1,RV
BJA,146,1,2,RV
BJA,126,1,3,RV
BJA,138,1,4,RV
BJA,138,1,5,RV
BJA,138,1,6,RV
BJA,122,1,7,RV
BJA,142,1,8,RV
BJA,178,1,9,RV
BJA,134,1,10,RV
BJB,246,0,1,RV
BJB,160,1,2,RV
BJB,186,1,3,RV
BJB,158,1,4,RV
BJB,144,1,5,RV
BJB,50,1,6,RV
BJB,166,1,7,RV
BJB,246,0,8,RV
BJB,182,1,9,RV
BJB,38,1,10,RV
BJC,144,1,1,RV
BJC,162,1,2,RV
BJC,144,1,3,RV
BJC,178,1,4,RV
BJC,170,1,5,RV
BJC,160,1,6,RV
BJC,140,1,7,RV
BJC,246,0,8,RV
BJC,206,1,9,RV
BJC,170,1,10,RV
BJD,150,1,1,RV
BJD,20,1,2,RV
BJD,38,1,3,RV
BJD,178,1,4,RV
BJD,162,1,5,RV
BJD,136,1,6,RV
BJD,140,1,7,RV
BJD,20,1,8,RV
BJD,41,1,9,RV
BJD,246,0,10,RV
BJE,190,1,1,RV
BJE,154,1,2,RV
BJE,198,1,3,RV
BJE,170,1,4,RV
BJE,128,1,5,RV
BJE,150,1,6,RV
BJE,154,1,7,RV
BJE,138,1,8,RV
BJE,220,1,9,RV
BJE,146,1,10,RV
BJF,142,1,1,RV
BJF,246,0,2,RV
BJF,246,0,3,RV
BJF,134,1,4,RV
BJF,142,1,5,RV
BJF,246,0,6,RV
BJF,126,1,7,RV
BJF,160,1,8,RV
BJF,194,1,9,RV
BJF,150,1,10,RV
BJG,202,1,1,RV
BJG,198,1,2,RV
BJG,122,1,3,RV
BJG,178,1,4,RV
BJG,162,1,5,RV
BJG,146,1,6,RV
BJG,226,1,7,RV
BJG,154,1,8,RV
BJG,154,1,9,RV
BJG,170,1,10,RV
BJH,178,1,1,RV
BJH,206,1,2,RV
BJH,174,1,3,RV
BJH,160,1,4,RV
BJH,182,1,5,RV
BJH,190,1,6,RV
BJH,178,1,7,RV
BJH,148,1,8,RV
BJH,164,1,9,RV
BJH,194,1,10,RV
BJI,140,1,1,RV
BJI,246,0,2,RV
BJI,214,1,3,RV
BJI,210,1,4,RV
BJI,246,0,5,RV
BJI,190,1,6,RV
BJI,170,1,7,RV
BJI,194,1,8,RV
BJI,186,1,9,RV
BJI,178,1,10,RV
BJJ,246,0,1,RV
BJJ,162,1,2,RV
BJJ,126,1,3,RV
BJJ,246,0,4,RV
BJJ,246,0,5,RV
BJJ,246,0,6,RV
BJJ,246,0,7,RV
BJJ,158,1,8,RV
BJJ,166,1,9,RV
BJJ,178,1,10,RV
GRVA,116,1,1,RV
GRVA,148,1,2,RV
GRVA,138,1,3,RV
GRVA,122,1,4,RV
GRVA,154,1,5,RV
GRVA,116,1,6,RV
GRVA,144,1,7,RV
GRVA,132,1,8,RV
GRVA,174,1,9,RV
GRVA,122,1,10,RV
GRVB,128,1,1,RV
GRVB,246,0,2,RV
GRVB,182,1,3,RV
GRVB,148,1,4,RV
GRVB,238,1,5,RV
GRVB,174,1,6,RV
GRVB,186,1,7,RV
GRVB,194,1,8,RV
GRVB,194,1,9,RV
GRVB,144,1,10,RV
GRVC,174,1,1,RV
GRVC,214,1,2,RV
GRVC,164,1,3,RV
GRVC,246,0,4,RV
GRVC,182,1,5,RV
GRVC,164,1,6,RV
GRVC,142,1,7,RV
GRVC,190,1,8,RV
GRVC,186,1,9,RV
GRVC,202,1,10,RV
GRVD,146,1,1,RV
GRVD,190,1,2,RV
GRVD,210,1,3,RV
GRVD,158,1,4,RV
GRVD,178,1,5,RV
GRVD,246,0,6,RV
GRVD,162,1,7,RV
GRVD,214,1,8,RV
GRVD,206,1,9,RV
GRVD,178,1,10,RV
GRVE,246,0,1,RV
GRVE,170,1,2,RV
GRVE,132,1,3,RV
GRVE,150,1,4,RV
GRVE,142,1,5,RV
GRVE,158,1,6,RV
GRVE,178,1,7,RV
GRVE,246,0,8,RV
GRVE,214,1,9,RV
GRVE,164,1,10,RV
GRVF,174,1,1,RV
GRVF,170,1,2,RV
GRVF,150,1,3,RV
GRVF,170,1,4,RV
GRVF,126,1,5,RV
GRVF,162,1,6,RV
GRVF,246,0,7,RV
GRVF,246,0,8,RV
GRVF,142,1,9,RV
GRVF,154,1,10,RV
GRVG,246,0,1,RV
GRVG,170,1,2,RV
GRVG,162,1,3,RV
GRVG,162,1,4,RV
GRVG,170,1,5,RV
GRVG,154,1,6,RV
GRVG,174,1,7,RV
GRVG,146,1,8,RV
GRVG,182,1,9,RV
GRVG,246,0,10,RV
GRVH,238,1,1,RV
GRVH,246,0,2,RV
GRVH,164,1,3,RV
GRVH,148,1,4,RV
GRVH,194,1,5,RV
GRVH,150,1,6,RV
GRVH,182,1,7,RV
GRVH,158,1,8,RV
GRVH,182,1,9,RV
GRVH,178,1,10,RV
GRVI,198,1,1,RV
GRVI,142,1,2,RV
GRVI,178,1,3,RV
GRVI,182,1,4,RV
GRVI,162,1,5,RV
GRVI,246,0,6,RV
GRVI,210,1,7,RV
GRVI,206,1,8,RV
GRVI,154,1,9,RV
GRVI,182,1,10,RV
RRA,170,1,1,RV
RRA,170,1,2,RV
RRA,246,0,3,RV
RRA,146,1,4,RV
RRA,130,1,5,RV
RRA,190,1,6,RV
RRA,190,1,7,RV
RRA,202,1,8,RV
RRA,182,1,9,RV
RRA,160,1,10,RV
RRB,194,1,1,RV
RRB,160,1,2,RV
RRB,146,1,3,RV
RRB,220,1,4,RV
RRB,178,1,5,RV
RRB,178,1,6,RV
RRB,170,1,7,RV
RRB,144,1,8,RV
RRB,170,1,9,RV
RRB,190,1,10,RV
RRC,186,1,1,RV
RRC,122,1,2,RV
RRC,170,1,3,RV
RRC,174,1,4,RV
RRC,178,1,5,RV
RRC,164,1,6,RV
RRC,170,1,7,RV
RRC,190,1,8,RV
RRC,182,1,9,RV
RRC,160,1,10,RV
RRD,214,1,1,RV
RRD,182,1,2,RV
RRD,170,1,3,RV
RRD,206,1,4,RV
RRD,178,1,5,RV
RRD,150,1,6,RV
RRD,130,1,7,RV
RRD,94,1,8,RV
RRD,154,1,9,RV
RRD,186,1,10,RV
RRE,126,1,1,RV
RRE,178,1,2,RV
RRE,160,1,3,RV
RRE,158,1,4,RV
RRE,202,1,5,RV
RRE,150,1,6,RV
RRE,202,1,7,RV
RRE,202,1,8,RV
RRE,246,0,9,RV
RRE,246,0,10,RV
RRF,246,0,1,RV
RRF,160,1,2,RV
RRF,178,1,3,RV
RRF,190,1,4,RV
RRF,162,1,5,RV
RRF,226,1,6,RV
RRF,140,1,7,RV
RRF,178,1,8,RV
RRF,190,1,9,RV
RRF,194,1,10,RV
RRG,246,0,1,RV
RRG,202,1,2,RV
RRG,210,1,3,RV
RRG,242,1,4,RV
RRG,154,1,5,RV
RRG,170,1,6,RV
RRG,190,1,7,RV
RRG,186,1,8,RV
RRG,130,1,9,RV
RRG,246,0,10,RV
SEWA,162,1,1,RV
SEWA,174,1,2,RV
SEWA,166,1,3,RV
SEWA,154,1,4,RV
SEWA,144,1,5,RV
SEWA,186,1,6,RV
SEWA,154,1,7,RV
SEWA,170,1,8,RV
SEWA,154,1,9,RV
SEWA,154,1,10,RV
SEWB,170,1,1,RV
SEWB,178,1,2,RV
SEWB,126,1,3,RV
SEWB,166,1,4,RV
SEWB,164,1,5,RV
SEWB,178,1,6,RV
SEWB,178,1,7,RV
SEWB,134,1,8,RV
SEWB,142,1,9,RV
SEWB,154,1,10,RV
SEWC,186,1,1,RV
SEWC,160,1,2,RV
SEWC,194,1,3,RV
SEWC,246,0,4,RV
SEWC,206,1,5,RV
SEWC,154,1,6,RV
SEWC,140,1,7,RV
SEWC,198,1,8,RV
SEWC,246,0,9,RV
SEWC,138,1,10,RV
SEWD,168,1,1,RV
SEWD,170,1,2,RV
SEWD,138,1,3,RV
SEWD,190,1,4,RV
SEWD,160,1,5,RV
SEWD,160,1,6,RV
SEWD,144,1,7,RV
SEWD,158,1,8,RV
SEWD,246,0,9,RV
SEWD,170,1,10,RV
SEWE,210,1,1,RV
SEWE,246,0,2,RV
SEWE,140,1,3,RV
SEWE,160,1,4,RV
SEWE,220,1,5,RV
SEWE,246,0,6,RV
SEWE,162,1,7,RV
SEWE,158,1,8,RV
SEWE,246,0,9,RV
SEWE,246,0,10,RV
SEWF,190,1,1,RV
SEWF,246,0,2,RV
SEWF,154,1,3,RV
SEWF,158,1,4,RV
SEWF,110,1,5,RV
SEWF,144,1,6,RV
SEWF,160,1,7,RV
SEWF,140,1,8,RV
SEWF,232,1,9,RV
SEWF,214,1,10,RV
SEWG,130,1,1,RV
SEWG,160,1,2,RV
SEWG,126,1,3,RV
SEWG,142,1,4,RV
SEWG,132,1,5,RV
SEWG,122,1,6,RV
SEWG,194,1,7,RV
SEWG,136,1,8,RV
SEWG,214,1,9,RV
SEWG,162,1,10,RV
SEWH,150,1,1,RV
SEWH,206,1,2,RV
SEWH,142,1,3,RV
SEWH,154,1,4,RV
SEWH,194,1,5,RV
SEWH,150,1,6,RV
SEWH,238,1,7,RV
SEWH,154,1,8,RV
SEWH,144,1,9,RV
SEWH,158,1,10,RV
SEWI,126,1,1,RV
SEWI,154,1,2,RV
SEWI,226,1,3,RV
SEWI,148,1,4,RV
SEWI,160,1,5,RV
SEWI,164,1,6,RV
SEWI,198,1,7,RV
SEWI,154,1,8,RV
SEWI,170,1,9,RV
SEWI,158,1,10,RV
TRLA,246,0,1,RV
TRLA,162,1,2,RV
TRLA,246,0,3,RV
TRLA,246,0,4,RV
TRLA,190,1,5,RV
TRLA,158,1,6,RV
TRLA,246,0,7,RV
TRLA,246,0,8,RV
TRLA,226,1,9,RV
TRLA,162,1,10,RV
TRLB,170,1,1,RV
TRLB,130,1,2,RV
TRLB,142,1,3,RV
TRLB,170,1,4,RV
TRLB,220,1,5,RV
TRLB,202,1,6,RV
TRLB,186,1,7,RV
TRLB,190,1,8,RV
TRLB,178,1,9,RV
TRLB,122,1,10,RV
TRLC,246,0,1,RV
TRLC,186,1,2,RV
TRLC,194,1,3,RV
TRLC,150,1,4,RV
TRLC,246,0,5,RV
TRLC,178,1,6,RV
TRLC,202,1,7,RV
TRLC,246,0,8,RV
TRLC,246,0,9,RV
TRLC,170,1,10,RV
TRLD,142,1,1,RV
TRLD,246,0,2,RV
TRLD,162,1,3,RV
TRLD,186,1,4,RV
TRLD,186,1,5,RV
TRLD,206,1,6,RV
TRLD,226,1,7,RV
TRLD,206,1,8,RV
TRLD,154,1,9,RV
TRLD,232,1,10,RV
TRLE,154,1,1,RV
TRLE,150,1,2,RV
TRLE,122,1,3,RV
TRLE,164,1,4,RV
TRLE,136,1,5,RV
TRLE,154,1,6,RV
TRLE,128,1,7,RV
TRLE,164,1,8,RV
TRLE,158,1,9,RV
TRLE,110,1,10,RV
TRLF,246,0,1,RV
TRLF,144,1,2,RV
TRLF,246,0,3,RV
TRLF,160,1,4,RV
TRLF,242,1,5,RV
TRLF,198,1,6,RV
TRLF,166,1,7,RV
TRLF,202,1,8,RV
TRLF,140,1,9,RV
TRLF,170,1,10,RV
TRLG,130,1,1,RV
TRLG,198,1,2,RV
TRLG,202,1,3,RV
TRLG,246,0,4,RV
TRLG,170,1,5,RV
TRLG,158,1,6,RV
TRLG,194,1,7,RV
TRLG,164,1,8,RV
TRLG,154,1,9,RV
TRLG,170,1,10,RV
TRLH,186,1,1,RV
TRLH,144,1,2,RV
TRLH,144,1,3,RV
TRLH,190,1,4,RV
TRLH,202,1,5,RV
TRLH,168,1,6,RV
TRLH,178,1,7,RV
TRLH,178,1,8,RV
TRLH,178,1,9,RV
TRLH,150,1,10,RV
TRLI,174,1,1,RV
TRLI,148,1,2,RV
TRLI,134,1,3,RV
TRLI,170,1,4,RV
TRLI,220,1,5,RV
TRLI,158,1,6,RV
TRLI,246,0,7,RV
TRLI,194,1,8,RV
TRLI,210,1,9,RV
TRLI,220,1,10,RV
TRLJ,246,0,1,RV
TRLJ,178,1,2,RV
TRLJ,166,1,3,RV
TRLJ,158,1,4,RV
TRLJ,140,1,5,RV
TRLJ,136,1,6,RV
TRLJ,186,1,7,RV
TRLJ,220,1,8,RV
TRLJ,186,1,9,RV
TRLJ,160,1,10,RV
BJA,246,0,1,CTRL
BJA,246,0,2,CTRL
BJA,246,0,3,CTRL
BJA,246,0,4,CTRL
BJA,246,0,5,CTRL
BJB,246,0,1,CTRL
BJB,232,1,2,CTRL
BJB,246,0,3,CTRL
BJB,246,0,4,CTRL
BJB,246,0,5,CTRL
BJC,246,0,1,CTRL
BJC,246,0,2,CTRL
BJC,246,0,3,CTRL
BJC,246,0,4,CTRL
BJC,246,0,5,CTRL
BJD,246,0,1,CTRL
BJD,246,0,2,CTRL
BJD,226,1,3,CTRL
BJD,246,0,4,CTRL
BJD,246,0,5,CTRL
BJE,246,0,1,CTRL
BJE,246,0,2,CTRL
BJE,246,0,3,CTRL
BJE,246,0,4,CTRL
BJE,246,0,5,CTRL
BJF,11,1,1,CTRL
BJF,246,0,2,CTRL
BJF,246,0,3,CTRL
BJF,246,0,4,CTRL
BJF,246,0,5,CTRL
BJG,246,0,1,CTRL
BJG,246,0,2,CTRL
BJG,246,0,3,CTRL
BJG,246,0,4,CTRL
BJG,246,0,5,CTRL
BJH,110,1,1,CTRL
BJH,246,0,2,CTRL
BJH,246,0,3,CTRL
BJH,246,0,4,CTRL
BJH,246,0,5,CTRL
BJI,246,0,1,CTRL
BJI,246,0,2,CTRL
BJI,246,0,3,CTRL
BJI,242,1,4,CTRL
BJI,246,0,5,CTRL
BJJ,246,0,1,CTRL
BJJ,246,0,2,CTRL
BJJ,246,0,3,CTRL
BJJ,246,0,4,CTRL
BJJ,246,0,5,CTRL
GRVA,246,0,1,CTRL
GRVA,202,1,2,CTRL
GRVA,246,0,3,CTRL
GRVA,246,0,4,CTRL
GRVA,246,0,5,CTRL
GRVB,246,0,1,CTRL
GRVB,246,0,2,CTRL
GRVB,246,0,3,CTRL
GRVB,246,0,4,CTRL
GRVB,246,0,5,CTRL
GRVC,246,0,1,CTRL
GRVC,246,0,2,CTRL
GRVC,246,0,3,CTRL
GRVC,246,0,4,CTRL
GRVC,246,0,5,CTRL
GRVD,246,0,1,CTRL
GRVD,246,0,2,CTRL
GRVD,246,0,3,CTRL
GRVD,246,0,4,CTRL
GRVD,246,0,5,CTRL
GRVE,246,0,1,CTRL
GRVE,246,0,2,CTRL
GRVE,246,0,3,CTRL
GRVE,246,0,4,CTRL
GRVE,246,0,5,CTRL
GRVF,246,0,1,CTRL
GRVF,246,0,2,CTRL
GRVF,246,0,3,CTRL
GRVF,246,0,4,CTRL
GRVF,246,0,5,CTRL
GRVG,246,0,1,CTRL
GRVG,246,0,2,CTRL
GRVG,246,0,3,CTRL
GRVG,246,0,4,CTRL
GRVG,246,0,5,CTRL
GRVH,246,0,1,CTRL
GRVH,246,0,2,CTRL
GRVH,246,0,3,CTRL
GRVH,246,0,4,CTRL
GRVH,246,0,5,CTRL
GRVI,246,0,1,CTRL
GRVI,246,0,2,CTRL
GRVI,246,0,3,CTRL
GRVI,246,0,4,CTRL
GRVI,246,0,5,CTRL
RRA,246,0,1,CTRL
RRA,246,0,2,CTRL
RRA,246,0,3,CTRL
RRA,246,0,4,CTRL
RRA,238,1,5,CTRL
RRB,246,0,1,CTRL
RRB,226,1,2,CTRL
RRB,210,1,3,CTRL
RRB,246,0,4,CTRL
RRB,246,0,5,CTRL
RRC,242,1,1,CTRL
RRC,232,1,2,CTRL
RRC,210,1,3,CTRL
RRC,154,1,4,CTRL
RRC,246,0,5,CTRL
RRD,238,1,1,CTRL
RRD,246,0,2,CTRL
RRD,246,0,3,CTRL
RRD,246,0,4,CTRL
RRD,246,0,5,CTRL
RRE,246,0,1,CTRL
RRE,246,0,2,CTRL
RRE,246,0,3,CTRL
RRE,246,0,4,CTRL
RRE,246,0,5,CTRL
RRF,246,0,1,CTRL
RRF,246,0,2,CTRL
RRF,246,0,3,CTRL
RRF,246,0,4,CTRL
RRF,246,0,5,CTRL
RRG,246,0,1,CTRL
RRG,246,0,2,CTRL
RRG,246,0,3,CTRL
RRG,246,0,4,CTRL
RRG,246,0,5,CTRL
SEWA,246,0,1,CTRL
SEWA,246,0,2,CTRL
SEWA,198,1,3,CTRL
SEWA,210,1,4,CTRL
SEWA,232,1,5,CTRL
SEWB,246,0,1,CTRL
SEWB,246,0,2,CTRL
SEWB,246,0,3,CTRL
SEWB,242,1,4,CTRL
SEWB,246,0,5,CTRL
SEWC,246,0,1,CTRL
SEWC,246,0,2,CTRL
SEWC,246,0,3,CTRL
SEWC,246,0,4,CTRL
SEWC,246,0,5,CTRL
SEWD,220,1,1,CTRL
SEWD,246,0,2,CTRL
SEWD,246,0,3,CTRL
SEWD,246,0,4,CTRL
SEWD,246,0,5,CTRL
SEWE,246,0,1,CTRL
SEWE,246,0,2,CTRL
SEWE,182,1,3,CTRL
SEWE,246,0,4,CTRL
SEWE,226,1,5,CTRL
SEWF,246,0,1,CTRL
SEWF,246,0,2,CTRL
SEWF,246,0,3,CTRL
SEWF,246,0,4,CTRL
SEWF,238,1,5,CTRL
SEWG,246,0,1,CTRL
SEWG,190,1,2,CTRL
SEWG,238,1,3,CTRL
SEWG,246,0,4,CTRL
SEWG,246,0,5,CTRL
SEWH,210,1,1,CTRL
SEWH,198,1,2,CTRL
SEWH,246,0,3,CTRL
SEWH,246,0,4,CTRL
SEWH,246,0,5,CTRL
SEWI,206,1,1,CTRL
SEWI,246,0,2,CTRL
SEWI,246,0,3,CTRL
SEWI,242,1,4,CTRL
SEWI,246,0,5,CTRL
TRLA,246,0,1,CTRL
TRLA,198,1,2,CTRL
TRLA,246,0,3,CTRL
TRLA,246,0,4,CTRL
TRLA,246,0,5,CTRL
TRLB,246,0,1,CTRL
TRLB,246,0,2,CTRL
TRLB,246,0,3,CTRL
TRLB,246,0,4,CTRL
TRLB,246,0,5,CTRL
TRLC,246,0,1,CTRL
TRLC,246,0,2,CTRL
TRLC,246,0,3,CTRL
TRLC,246,0,4,CTRL
TRLC,246,0,5,CTRL
TRLD,246,0,1,CTRL
TRLD,246,0,2,CTRL
TRLD,246,0,3,CTRL
TRLD,246,0,4,CTRL
TRLD,246,0,5,CTRL
TRLE,246,0,1,CTRL
TRLE,246,0,2,CTRL
TRLE,246,0,3,CTRL
TRLE,246,0,4,CTRL
TRLE,246,0,5,CTRL
TRLF,246,0,1,CTRL
TRLF,246,0,2,CTRL
TRLF,246,0,3,CTRL
TRLF,246,0,4,CTRL
TRLF,246,0,5,CTRL
TRLG,246,0,1,CTRL
TRLG,246,0,2,CTRL
TRLG,246,0,3,CTRL
TRLG,246,0,4,CTRL
TRLG,246,0,5,CTRL
TRLH,246,0,1,CTRL
TRLH,246,0,2,CTRL
TRLH,246,0,3,CTRL
TRLH,246,0,4,CTRL
TRLH,246,0,5,CTRL
TRLI,246,0,1,CTRL
TRLI,246,0,2,CTRL
TRLI,246,0,3,CTRL
TRLI,246,0,4,CTRL
TRLI,246,0,5,CTRL
TRLJ,246,0,1,CTRL
TRLJ,246,0,2,CTRL
TRLJ,246,0,3,CTRL
TRLJ,246,0,4,CTRL
TRLJ,246,0,5,CTRL